mro_code,mro_acc_code,mro_mer_code,mro_sys_code,mro_tran_code,mro_tran_curr_code,updated_at
1109,2387219,2419061,,,150,2024-08-07 07:05:08.091
1129,2387279,2419461,,,150,2024-08-07 07:05:08.091
1149,2407503,2419861,,,150,2024-08-07 07:05:08.091
1150,2407504,2419881,,,150,2024-08-07 07:05:08.091
1169,2407519,2420261,,,150,2024-08-07 07:05:08.091
1189,2407559,2420661,,,150,2024-08-07 07:05:08.091
1190,2407560,2420681,,,150,2024-08-07 07:05:08.091
1191,2407561,2420701,,,150,2024-08-07 07:05:08.091
1192,2407562,2420721,,,150,2024-08-07 07:05:08.091
1193,2407563,2420741,,,150,2024-08-07 07:05:08.091
1194,2407564,2420761,,,150,2024-08-07 07:05:08.091
1195,2407565,2420781,,,150,2024-08-07 07:05:08.091
1196,2407566,2420801,,,150,2024-08-07 07:05:08.091
1197,2407567,2420821,,,150,2024-08-07 07:05:08.091
1198,2407568,2420841,,,150,2024-08-07 07:05:08.091
1199,2407569,2420861,,,150,2024-08-07 07:05:08.091
1200,2407570,2420881,,,150,2024-08-07 07:05:08.091
1201,2407571,2420901,,,150,2024-08-07 07:05:08.091
1202,2407572,2420921,,,150,2024-08-07 07:05:08.091
1203,2407573,2420941,,,150,2024-08-07 07:05:08.091
1204,2407574,2420961,,,150,2024-08-07 07:05:08.091
1205,2407575,2420981,,,150,2024-08-07 07:05:08.091
1206,2407576,2421001,,,150,2024-08-07 07:05:08.091
1207,2407577,2421021,,,150,2024-08-07 07:05:08.091
1208,2407578,2421041,,,150,2024-08-07 07:05:08.091
1209,2407579,2421061,,,150,2024-08-07 07:05:08.091
1210,2407580,2421081,,,150,2024-08-07 07:05:08.091
1211,2407581,2421101,,,150,2024-08-07 07:05:08.091
1212,2407582,2421121,,,150,2024-08-07 07:05:08.091
1213,2407583,2421141,,,150,2024-08-07 07:05:08.091
1214,2407584,2421161,,,150,2024-08-07 07:05:08.091
1215,2407585,2421181,,,150,2024-08-07 07:05:08.091
1216,2407586,2421201,,,150,2024-08-07 07:05:08.091
1217,2407587,2421221,,,150,2024-08-07 07:05:08.091
1218,2407588,2421241,,,150,2024-08-07 07:05:08.091
1219,2407589,2421261,,,150,2024-08-07 07:05:08.091
1220,2407590,2421281,,,150,2024-08-07 07:05:08.091
1221,2407591,2421301,,,150,2024-08-07 07:05:08.091
1222,2407592,2421321,,,150,2024-08-07 07:05:08.091
1223,2407593,2421341,,,150,2024-08-07 07:05:08.091
1224,2407594,2421361,,,150,2024-08-07 07:05:08.091
1225,2407595,2421381,,,150,2024-08-07 07:05:08.091
1226,2407596,2421401,,,150,2024-08-07 07:05:08.091
1227,2407597,2421421,,,150,2024-08-07 07:05:08.091
1228,2407598,2421441,,,150,2024-08-07 07:05:08.091
1229,2407599,2421461,,,150,2024-08-07 07:05:08.091
1230,2407600,2421481,,,150,2024-08-07 07:05:08.091
1231,2407601,2421501,,,150,2024-08-07 07:05:08.091
1232,2407602,2421521,,,150,2024-08-07 07:05:08.091
1233,2407603,2421541,,,150,2024-08-07 07:05:08.091
1235,2407605,2421581,,,150,2024-08-07 07:05:08.091
1236,2407606,2421601,,,150,2024-08-07 07:05:08.091
1237,2407607,2421621,,,150,2024-08-07 07:05:08.091
1238,2407608,2421641,,,150,2024-08-07 07:05:08.091
1239,2407609,2421661,,,150,2024-08-07 07:05:08.091
1240,2407610,2421681,,,150,2024-08-07 07:05:08.091
1241,2407611,2421701,,,150,2024-08-07 07:05:08.091
1242,2407612,2421721,,,150,2024-08-07 07:05:08.091
1243,2407613,2421741,,,150,2024-08-07 07:05:08.091
1244,2407614,2421761,,,150,2024-08-07 07:05:08.091
1245,2407615,2421781,,,150,2024-08-07 07:05:08.091
1246,2407616,2421801,,,150,2024-08-07 07:05:08.091
1247,2407617,2421821,,,150,2024-08-07 07:05:08.091
1248,2407618,2421841,,,150,2024-08-07 07:05:08.091
1249,2407619,2421861,,,150,2024-08-07 07:05:08.091
1250,2407620,2421881,,,150,2024-08-07 07:05:08.091
1251,2407621,2421901,,,150,2024-08-07 07:05:08.091
1252,2407622,2421921,,,150,2024-08-07 07:05:08.091
1253,2407623,2421941,,,150,2024-08-07 07:05:08.091
1254,2407624,2421961,,,150,2024-08-07 07:05:08.091
1255,2407625,2421981,,,150,2024-08-07 07:05:08.091
1256,2407626,2422001,,,150,2024-08-07 07:05:08.091
1257,2407627,2422021,,,150,2024-08-07 07:05:08.091
1258,2407628,2422041,,,150,2024-08-07 07:05:08.091
1259,2407629,2422061,,,150,2024-08-07 07:05:08.091
1260,2407630,2422081,,,150,2024-08-07 07:05:08.091
1261,2407631,2422101,,,150,2024-08-07 07:05:08.091
1262,2407632,2422121,,,150,2024-08-07 07:05:08.091
1263,2407633,2422141,,,150,2024-08-07 07:05:08.091
1264,2407634,2422161,,,150,2024-08-07 07:05:08.091
1265,2407635,2422181,,,150,2024-08-07 07:05:08.091
1267,2407637,2422221,,,150,2024-08-07 07:05:08.091
1268,2407638,2422241,,,150,2024-08-07 07:05:08.091
1269,2407639,2422261,,,150,2024-08-07 07:05:08.091
1270,2407640,2422281,,,150,2024-08-07 07:05:08.091
1271,2407641,2422301,,,150,2024-08-07 07:05:08.091
1272,2407642,2422321,,,150,2024-08-07 07:05:08.091
1273,2407643,2422341,,,150,2024-08-07 07:05:08.091
1274,2407644,2422361,,,150,2024-08-07 07:05:08.091
1275,2407645,2422381,,,150,2024-08-07 07:05:08.091
1276,2407646,2422401,,,150,2024-08-07 07:05:08.091
1277,2407647,2422421,,,150,2024-08-07 07:05:08.091
1278,2407648,2422441,,,150,2024-08-07 07:05:08.091
1279,2407649,2422461,,,150,2024-08-07 07:05:08.091
1280,2407650,2422481,,,150,2024-08-07 07:05:08.091
1281,2407651,2422501,,,150,2024-08-07 07:05:08.091
1282,2407652,2422521,,,150,2024-08-07 07:05:08.091
1283,2407653,2422541,,,150,2024-08-07 07:05:08.091
1284,2407654,2422561,,,150,2024-08-07 07:05:08.091
1285,2407655,2422581,,,150,2024-08-07 07:05:08.091
1286,2407656,2422601,,,150,2024-08-07 07:05:08.091
1287,2407657,2422621,,,150,2024-08-07 07:05:08.091
1288,2407658,2422641,,,150,2024-08-07 07:05:08.091
1289,2407659,2422661,,,150,2024-08-07 07:05:08.091
1290,2407660,2422681,,,150,2024-08-07 07:05:08.091
1291,2407661,2422701,,,150,2024-08-07 07:05:08.091
1292,2407662,2422721,,,150,2024-08-07 07:05:08.091
1293,2407663,2422741,,,150,2024-08-07 07:05:08.091
1294,2407664,2422761,,,150,2024-08-07 07:05:08.091
1295,2407665,2422781,,,150,2024-08-07 07:05:08.091
1296,2407666,2422801,,,150,2024-08-07 07:05:08.091
1297,2407667,2422821,,,150,2024-08-07 07:05:08.091
1298,2407668,2422841,,,150,2024-08-07 07:05:08.091
1299,2407669,2422861,,,150,2024-08-07 07:05:08.091
1300,2407670,2422881,,,150,2024-08-07 07:05:08.091
1301,2407671,2422901,,,150,2024-08-07 07:05:08.091
1302,2407672,2422921,,,150,2024-08-07 07:05:08.091
1303,2407673,2422941,,,150,2024-08-07 07:05:08.091
1304,2407674,2422961,,,150,2024-08-07 07:05:08.091
1305,2407675,2422981,,,150,2024-08-07 07:05:08.091
1309,2407679,2423061,,,150,2024-08-07 07:05:08.091
1310,2407680,2423081,,,150,2024-08-07 07:05:08.091
1311,2407681,2423101,,,150,2024-08-07 07:05:08.091
1312,2407682,2423121,,,150,2024-08-07 07:05:08.091
1313,2407683,2423141,,,150,2024-08-07 07:05:08.091
1314,2407684,2423161,,,150,2024-08-07 07:05:08.091
1315,2407685,2423181,,,150,2024-08-07 07:05:08.091
1316,2407686,2423201,,,150,2024-08-07 07:05:08.091
1317,2407687,2423221,,,150,2024-08-07 07:05:08.091
1318,2407688,2423241,,,150,2024-08-07 07:05:08.091
1319,2407689,2423261,,,150,2024-08-07 07:05:08.091
1320,2407690,2423281,,,150,2024-08-07 07:05:08.091
1321,2407691,2423301,,,150,2024-08-07 07:05:08.091
1322,2407692,2423321,,,150,2024-08-07 07:05:08.091
1323,2407693,2423341,,,150,2024-08-07 07:05:08.091
1329,2407699,2423461,,,150,2024-08-07 07:05:08.091
1349,2408299,2423861,,,150,2024-08-07 07:05:08.091
1369,2410079,2424261,,,150,2024-08-07 07:05:08.091
1370,2410080,2424281,,,150,2024-08-07 07:05:08.091
1371,2410081,2424301,,,150,2024-08-07 07:05:08.091
1372,2410082,2424321,,,150,2024-08-07 07:05:08.091
1373,2410083,2424341,,,150,2024-08-07 07:05:08.091
1374,2410084,2424361,,,150,2024-08-07 07:05:08.091
1375,2410085,2424381,,,150,2024-08-07 07:05:08.091
1389,2410119,2424661,,,150,2024-08-07 07:05:08.091
1409,2410679,2425061,,,150,2024-08-07 07:05:08.091
1410,2410680,2425081,,,150,2024-08-07 07:05:08.091
1411,2410681,2425101,,,150,2024-08-07 07:05:08.091
1429,2410759,2425461,,,150,2024-08-07 07:05:08.091
1449,2411299,2425861,,,150,2024-08-07 07:05:08.091
1469,2411319,2426261,,,150,2024-08-07 07:05:08.091
1489,2411339,2426661,,,150,2024-08-07 07:05:08.091
1509,2411359,2427061,,,150,2024-08-07 07:05:08.091
1529,2411882,2427461,,,150,2024-08-07 07:05:08.091
1549,2413919,2427861,,,150,2024-08-07 07:05:08.091
1550,2413920,2427881,,,150,2024-08-07 07:05:08.091
1569,2414459,2428261,,,150,2024-08-07 07:05:08.091
1589,2414479,2428661,,,150,2024-08-07 07:05:08.091
1609,2414539,2429061,,,150,2024-08-07 07:05:08.091
1629,2414559,2429461,,,150,2024-08-07 07:05:08.091
1649,2415139,2429861,,,150,2024-08-07 07:05:08.091
1670,2415860,2430281,,,150,2024-08-07 07:05:08.091
1689,2415879,2430661,,,150,2024-08-07 07:05:08.091
1709,2417419,2431061,,,150,2024-08-07 07:05:08.091
1710,2417420,2431081,,,150,2024-08-07 07:05:08.091
1711,2417421,2431101,,,150,2024-08-07 07:05:08.091
1712,2417422,2431121,,,150,2024-08-07 07:05:08.091
1713,2417423,2431141,,,150,2024-08-07 07:05:08.091
1714,2417424,2431161,,,150,2024-08-07 07:05:08.091
1715,2417425,2431181,,,150,2024-08-07 07:05:08.091
1716,2417426,2431201,,,150,2024-08-07 07:05:08.091
1717,2417427,2431221,,,150,2024-08-07 07:05:08.091
1718,2417428,2431241,,,150,2024-08-07 07:05:08.091
1719,2417429,2431261,,,150,2024-08-07 07:05:08.091
1729,2417439,2431461,,,150,2024-08-07 07:05:08.091
1749,2417499,2431861,,,150,2024-08-07 07:05:08.091
1750,2417500,2431881,,,150,2024-08-07 07:05:08.091
1751,2417501,2431901,,,150,2024-08-07 07:05:08.091
1752,2417502,2431921,,,150,2024-08-07 07:05:08.091
1753,2417503,2431941,,,150,2024-08-07 07:05:08.091
1754,2417504,2431961,,,150,2024-08-07 07:05:08.091
1755,2417505,2431981,,,150,2024-08-07 07:05:08.091
1756,2417506,2432001,,,150,2024-08-07 07:05:08.091
1757,2417507,2432021,,,150,2024-08-07 07:05:08.091
1758,2417508,2432041,,,150,2024-08-07 07:05:08.091
1759,2417509,2432061,,,150,2024-08-07 07:05:08.091
1760,2417510,2432081,,,150,2024-08-07 07:05:08.091
1761,2417511,2432101,,,150,2024-08-07 07:05:08.091
1762,2417512,2432121,,,150,2024-08-07 07:05:08.091
1763,2417513,2432141,,,150,2024-08-07 07:05:08.091
1764,2417514,2432161,,,150,2024-08-07 07:05:08.091
1765,2417515,2432181,,,150,2024-08-07 07:05:08.091
1766,2417516,2432201,,,150,2024-08-07 07:05:08.091
1767,2417517,2432221,,,150,2024-08-07 07:05:08.091
1768,2417518,2432241,,,150,2024-08-07 07:05:08.091
1769,2417519,2432261,,,150,2024-08-07 07:05:08.091
1770,2417520,2432281,,,150,2024-08-07 07:05:08.091
1771,2417521,2432301,,,150,2024-08-07 07:05:08.091
1772,2417522,2432321,,,150,2024-08-07 07:05:08.091
1773,2417523,2432341,,,150,2024-08-07 07:05:08.091
1774,2417524,2432361,,,150,2024-08-07 07:05:08.091
1775,2417525,2432381,,,150,2024-08-07 07:05:08.091
1776,2417526,2432401,,,150,2024-08-07 07:05:08.091
1777,2417527,2432421,,,150,2024-08-07 07:05:08.091
1778,2417528,2432441,,,150,2024-08-07 07:05:08.091
1779,2417529,2432461,,,150,2024-08-07 07:05:08.091
1780,2417530,2432481,,,150,2024-08-07 07:05:08.091
1781,2417531,2432501,,,150,2024-08-07 07:05:08.091
1782,2417532,2432521,,,150,2024-08-07 07:05:08.091
1783,2417533,2432541,,,150,2024-08-07 07:05:08.091
1784,2417534,2432561,,,150,2024-08-07 07:05:08.091
1785,2417535,2432581,,,150,2024-08-07 07:05:08.091
1786,2417536,2432601,,,150,2024-08-07 07:05:08.091
1787,2417537,2432621,,,150,2024-08-07 07:05:08.091
1788,2417538,2432641,,,150,2024-08-07 07:05:08.091
1789,2417539,2432661,,,150,2024-08-07 07:05:08.091
1790,2417540,2432681,,,150,2024-08-07 07:05:08.091
1791,2417541,2432701,,,150,2024-08-07 07:05:08.091
1792,2417542,2432721,,,150,2024-08-07 07:05:08.091
1793,2417543,2432741,,,150,2024-08-07 07:05:08.091
1794,2417544,2432761,,,150,2024-08-07 07:05:08.091
1795,2417545,2432781,,,150,2024-08-07 07:05:08.091
1810,2417560,2432821,,,150,2024-08-07 07:05:08.091
1829,2419139,2433061,,,150,2024-08-07 07:05:08.091
1830,2419140,2433081,,,150,2024-08-07 07:05:08.091
1849,2419159,2433461,,,150,2024-08-07 07:05:08.091
1869,2419699,2433861,,,150,2024-08-07 07:05:08.091
1870,2419700,2433881,,,150,2024-08-07 07:05:08.091
1891,2422581,2434301,,,150,2024-08-07 07:05:08.091
1892,2422582,2434321,,,150,2024-08-07 07:05:08.091
1893,2422583,2434341,,,150,2024-08-07 07:05:08.091
1894,2422584,2434361,,,150,2024-08-07 07:05:08.091
1895,2422585,2434381,,,150,2024-08-07 07:05:08.091
1896,2422586,2434401,,,150,2024-08-07 07:05:08.091
1897,2422587,2434421,,,150,2024-08-07 07:05:08.091
1909,2422599,2434661,,,150,2024-08-07 07:05:08.091
1910,2422600,2434681,,,150,2024-08-07 07:05:08.091
1911,2422601,2434701,,,150,2024-08-07 07:05:08.091
1912,2422602,2434721,,,150,2024-08-07 07:05:08.091
1929,2422660,2435061,,,150,2024-08-07 07:05:08.091
1930,2422661,2435081,,,150,2024-08-07 07:05:08.091
1931,2422662,2435101,,,150,2024-08-07 07:05:08.091
1932,2422663,2435121,,,150,2024-08-07 07:05:08.091
1933,2422664,2435141,,,150,2024-08-07 07:05:08.091
1934,2422665,2435161,,,150,2024-08-07 07:05:08.091
1935,2422666,2435181,,,150,2024-08-07 07:05:08.091
1936,2422667,2435201,,,150,2024-08-07 07:05:08.091
1937,2422668,2435221,,,150,2024-08-07 07:05:08.091
1938,2422669,2435241,,,150,2024-08-07 07:05:08.091
1939,2422670,2435261,,,150,2024-08-07 07:05:08.091
1940,2422671,2435281,,,150,2024-08-07 07:05:08.091
1941,2422672,2435301,,,150,2024-08-07 07:05:08.091
1942,2422673,2435321,,,150,2024-08-07 07:05:08.091
1943,2422674,2435341,,,150,2024-08-07 07:05:08.091
1944,2422675,2435361,,,150,2024-08-07 07:05:08.091
1945,2422676,2435381,,,150,2024-08-07 07:05:08.091
1946,2422677,2435401,,,150,2024-08-07 07:05:08.091
1947,2422678,2435421,,,150,2024-08-07 07:05:08.091
1948,2422679,2435441,,,150,2024-08-07 07:05:08.091
1949,2422680,2435461,,,150,2024-08-07 07:05:08.091
1950,2422681,2435481,,,150,2024-08-07 07:05:08.091
1951,2422682,2435501,,,150,2024-08-07 07:05:08.091
1952,2422683,2435521,,,150,2024-08-07 07:05:08.091
1953,2422684,2435541,,,150,2024-08-07 07:05:08.091
1954,2422685,2435561,,,150,2024-08-07 07:05:08.091
1955,2422686,2435581,,,150,2024-08-07 07:05:08.091
1956,2422687,2435601,,,150,2024-08-07 07:05:08.091
1957,2422688,2435621,,,150,2024-08-07 07:05:08.091
1958,2422689,2435641,,,150,2024-08-07 07:05:08.091
1959,2422690,2435661,,,150,2024-08-07 07:05:08.091
1960,2422691,2435681,,,150,2024-08-07 07:05:08.091
1961,2422692,2435701,,,150,2024-08-07 07:05:08.091
1962,2422693,2435721,,,150,2024-08-07 07:05:08.091
1963,2422694,2435741,,,150,2024-08-07 07:05:08.091
1964,2422695,2435761,,,150,2024-08-07 07:05:08.091
1965,2422696,2435781,,,150,2024-08-07 07:05:08.091
1966,2422697,2435801,,,150,2024-08-07 07:05:08.091
1967,2422698,2435821,,,150,2024-08-07 07:05:08.091
1968,2422699,2435841,,,150,2024-08-07 07:05:08.091
1969,2422700,2435861,,,150,2024-08-07 07:05:08.091
1970,2422701,2435881,,,150,2024-08-07 07:05:08.091
1971,2422702,2435901,,,150,2024-08-07 07:05:08.091
1972,2422703,2435921,,,150,2024-08-07 07:05:08.091
1973,2422704,2435941,,,150,2024-08-07 07:05:08.091
1974,2422705,2435961,,,150,2024-08-07 07:05:08.091
1975,2422706,2435981,,,150,2024-08-07 07:05:08.091
1976,2422707,2436001,,,150,2024-08-07 07:05:08.091
1977,2422708,2436021,,,150,2024-08-07 07:05:08.091
1978,2422709,2436041,,,150,2024-08-07 07:05:08.091
1979,2422710,2436061,,,150,2024-08-07 07:05:08.091
1980,2422711,2436081,,,150,2024-08-07 07:05:08.091
1981,2422712,2436101,,,150,2024-08-07 07:05:08.091
1982,2422713,2436121,,,150,2024-08-07 07:05:08.091
1983,2422714,2436141,,,150,2024-08-07 07:05:08.091
1984,2422715,2436161,,,150,2024-08-07 07:05:08.091
1985,2422716,2436181,,,150,2024-08-07 07:05:08.091
1986,2422717,2436201,,,150,2024-08-07 07:05:08.091
1987,2422718,2436221,,,150,2024-08-07 07:05:08.091
1988,2422719,2436241,,,150,2024-08-07 07:05:08.091
1989,2422720,2436261,,,150,2024-08-07 07:05:08.091
1990,2422721,2436281,,,150,2024-08-07 07:05:08.091
1991,2422722,2436301,,,150,2024-08-07 07:05:08.091
1992,2422723,2436321,,,150,2024-08-07 07:05:08.091
1993,2422724,2436341,,,150,2024-08-07 07:05:08.091
1994,2422725,2436361,,,150,2024-08-07 07:05:08.091
1995,2422726,2436381,,,150,2024-08-07 07:05:08.091
1996,2422727,2436401,,,150,2024-08-07 07:05:08.091
1997,2422728,2436421,,,150,2024-08-07 07:05:08.091
1998,2422729,2436441,,,150,2024-08-07 07:05:08.091
1999,2422730,2436461,,,150,2024-08-07 07:05:08.091
2000,2422731,2436481,,,150,2024-08-07 07:05:08.091
2009,2425319,2436661,,,150,2024-08-07 07:05:08.091
2010,2425320,2436681,,,150,2024-08-07 07:05:08.091
2029,2430699,2437061,,,150,2024-08-07 07:05:08.091
2030,2430700,2437081,,,150,2024-08-07 07:05:08.091
2031,2430701,2437101,,,150,2024-08-07 07:05:08.091
2032,2430702,2437121,,,150,2024-08-07 07:05:08.091
2033,2430703,2437141,,,150,2024-08-07 07:05:08.091
2034,2430704,2437161,,,150,2024-08-07 07:05:08.091
2035,2430705,2437181,,,150,2024-08-07 07:05:08.091
2036,2430706,2437201,,,150,2024-08-07 07:05:08.091
2037,2430707,2437221,,,150,2024-08-07 07:05:08.091
2038,2430708,2437241,,,150,2024-08-07 07:05:08.091
2039,2430709,2437261,,,150,2024-08-07 07:05:08.091
2040,2430710,2437281,,,150,2024-08-07 07:05:08.091
2041,2430711,2437301,,,150,2024-08-07 07:05:08.091
2042,2430712,2437321,,,150,2024-08-07 07:05:08.091
2043,2430713,2437341,,,150,2024-08-07 07:05:08.091
2044,2430714,2437361,,,150,2024-08-07 07:05:08.091
2045,2430715,2437381,,,150,2024-08-07 07:05:08.091
2046,2430716,2437401,,,150,2024-08-07 07:05:08.091
2047,2430717,2437421,,,150,2024-08-07 07:05:08.091
2048,2430718,2437441,,,150,2024-08-07 07:05:08.091
2049,2430719,2437461,,,150,2024-08-07 07:05:08.091
2050,2430720,2437481,,,150,2024-08-07 07:05:08.091
2051,2430721,2437501,,,150,2024-08-07 07:05:08.091
2052,2430722,2437521,,,150,2024-08-07 07:05:08.091
2053,2430723,2437541,,,150,2024-08-07 07:05:08.091
2054,2430724,2437561,,,150,2024-08-07 07:05:08.091
2055,2430725,2437581,,,150,2024-08-07 07:05:08.091
2056,2430726,2437601,,,150,2024-08-07 07:05:08.091
2057,2430727,2437621,,,150,2024-08-07 07:05:08.091
2058,2430728,2437641,,,150,2024-08-07 07:05:08.091
2059,2430729,2437661,,,150,2024-08-07 07:05:08.091
2060,2430730,2437681,,,150,2024-08-07 07:05:08.091
2061,2430731,2437701,,,150,2024-08-07 07:05:08.091
2062,2430732,2437721,,,150,2024-08-07 07:05:08.091
2063,2430733,2437741,,,150,2024-08-07 07:05:08.091
2069,2431948,2437861,,,150,2024-08-07 07:05:08.091
2070,2431949,2437881,,,150,2024-08-07 07:05:08.091
2071,2431950,2437901,,,150,2024-08-07 07:05:08.091
2072,2431951,2437921,,,150,2024-08-07 07:05:08.091
2073,2431952,2437941,,,150,2024-08-07 07:05:08.091
2089,2437959,2438261,,,150,2024-08-07 07:05:08.091
2090,2437960,2438281,,,150,2024-08-07 07:05:08.091
2091,2437961,2438301,,,150,2024-08-07 07:05:08.091
2092,2437962,2438321,,,150,2024-08-07 07:05:08.091
2093,2437963,2438341,,,150,2024-08-07 07:05:08.091
2094,2437964,2438361,,,150,2024-08-07 07:05:08.091
2095,2437965,2438381,,,150,2024-08-07 07:05:08.091
2096,2437966,2438401,,,150,2024-08-07 07:05:08.091
2097,2437967,2438421,,,150,2024-08-07 07:05:08.091
2098,2437968,2438441,,,150,2024-08-07 07:05:08.091
2099,2437969,2438461,,,150,2024-08-07 07:05:08.091
2100,2437970,2438481,,,150,2024-08-07 07:05:08.091
2101,2437971,2438501,,,150,2024-08-07 07:05:08.091
2102,2437972,2438521,,,150,2024-08-07 07:05:08.091
2103,2437973,2438541,,,150,2024-08-07 07:05:08.091
2104,2437974,2438561,,,150,2024-08-07 07:05:08.091
2105,2437975,2438581,,,150,2024-08-07 07:05:08.091
2106,2437976,2438601,,,150,2024-08-07 07:05:08.091
2107,2437977,2438621,,,150,2024-08-07 07:05:08.091
2108,2437978,2438641,,,150,2024-08-07 07:05:08.091
2109,2437979,2438661,,,150,2024-08-07 07:05:08.091
2110,2437980,2438681,,,150,2024-08-07 07:05:08.091
2111,2437981,2438701,,,150,2024-08-07 07:05:08.091
2112,2437982,2438721,,,150,2024-08-07 07:05:08.091
2113,2437983,2438741,,,150,2024-08-07 07:05:08.091
2114,2437984,2438761,,,150,2024-08-07 07:05:08.091
2115,2437985,2438781,,,150,2024-08-07 07:05:08.091
2116,2437986,2438801,,,150,2024-08-07 07:05:08.091
2117,2437987,2438821,,,150,2024-08-07 07:05:08.091
2118,2437988,2438841,,,150,2024-08-07 07:05:08.091
2119,2437989,2438861,,,150,2024-08-07 07:05:08.091
2120,2437990,2438881,,,150,2024-08-07 07:05:08.091
2121,2437991,2438901,,,150,2024-08-07 07:05:08.091
2122,2437992,2438921,,,150,2024-08-07 07:05:08.091
2123,2437993,2438941,,,150,2024-08-07 07:05:08.091
2124,2437994,2438961,,,150,2024-08-07 07:05:08.091
2125,2437995,2438981,,,150,2024-08-07 07:05:08.091
2126,2437996,2439001,,,150,2024-08-07 07:05:08.091
2127,2437997,2439021,,,150,2024-08-07 07:05:08.091
2128,2437998,2439041,,,150,2024-08-07 07:05:08.091
2129,2437999,2439061,,,150,2024-08-07 07:05:08.091
2130,2438000,2439081,,,150,2024-08-07 07:05:08.091
2131,2438001,2439101,,,150,2024-08-07 07:05:08.091
2132,2438002,2439121,,,150,2024-08-07 07:05:08.091
2133,2438003,2439141,,,150,2024-08-07 07:05:08.091
2134,2438004,2439161,,,150,2024-08-07 07:05:08.091
2135,2438005,2439181,,,150,2024-08-07 07:05:08.091
2136,2438006,2439201,,,150,2024-08-07 07:05:08.091
2137,2438007,2439221,,,150,2024-08-07 07:05:08.091
2149,2438179,2439461,,,150,2024-08-07 07:05:08.091
2169,2440239,2439861,,,150,2024-08-07 07:05:08.091
2189,2446400,2440261,,,150,2024-08-07 07:05:08.091
2209,2446439,2440661,,,150,2024-08-07 07:05:08.091
2210,2446440,2440681,,,150,2024-08-07 07:05:08.091
2211,2446441,2440701,,,150,2024-08-07 07:05:08.091
2212,2446442,2440721,,,150,2024-08-07 07:05:08.091
2213,2446443,2440741,,,150,2024-08-07 07:05:08.091
2229,2446549,2441061,,,150,2024-08-07 07:05:08.091
2230,2446550,2441081,,,150,2024-08-07 07:05:08.091
2231,2446551,2441101,,,150,2024-08-07 07:05:08.091
2232,2446552,2441121,,,150,2024-08-07 07:05:08.091
2233,2446553,2441141,,,150,2024-08-07 07:05:08.091
2234,2446554,2441161,,,150,2024-08-07 07:05:08.091
2235,2446555,2441181,,,150,2024-08-07 07:05:08.091
2236,2446556,2441201,,,150,2024-08-07 07:05:08.091
2237,2446557,2441221,,,150,2024-08-07 07:05:08.091
2238,2446558,2441241,,,150,2024-08-07 07:05:08.091
2239,2446559,2441261,,,150,2024-08-07 07:05:08.091
2240,2446560,2441281,,,150,2024-08-07 07:05:08.091
2241,2446561,2441301,,,150,2024-08-07 07:05:08.091
2249,2448579,2441461,,,150,2024-08-07 07:05:08.091
2250,2448580,2441481,,,150,2024-08-07 07:05:08.091
2269,2452759,2441861,,,150,2024-08-07 07:05:08.091
2270,2452760,2441881,,,150,2024-08-07 07:05:08.091
2271,2452761,2441901,,,150,2024-08-07 07:05:08.091
2272,2452762,2441921,,,150,2024-08-07 07:05:08.091
2273,2452763,2441941,,,150,2024-08-07 07:05:08.091
2274,2452764,2441961,,,150,2024-08-07 07:05:08.091
2289,2452839,2442261,,,150,2024-08-07 07:05:08.091
2309,2452899,2442661,,,150,2024-08-07 07:05:08.091
2310,2452900,2442681,,,150,2024-08-07 07:05:08.091
2311,2452901,2442701,,,150,2024-08-07 07:05:08.091
2312,2452902,2442721,,,150,2024-08-07 07:05:08.091
2313,2452903,2442741,,,150,2024-08-07 07:05:08.091
2314,2452904,2442761,,,150,2024-08-07 07:05:08.091
2315,2452905,2442781,,,150,2024-08-07 07:05:08.091
2329,2452920,2443061,,,150,2024-08-07 07:05:08.091
2349,2457199,2443461,,,150,2024-08-07 07:05:08.091
2350,2457200,2443481,,,150,2024-08-07 07:05:08.091
2351,2457201,2443501,,,150,2024-08-07 07:05:08.091
2352,2457202,2443521,,,150,2024-08-07 07:05:08.091
2369,2457219,2443861,,,150,2024-08-07 07:05:08.091
2389,2459259,2444261,,,150,2024-08-07 07:05:08.091
2409,2463299,2444661,,,150,2024-08-07 07:05:08.091
2410,2463300,2444681,,,150,2024-08-07 07:05:08.091
2411,2463301,2444701,,,150,2024-08-07 07:05:08.091
2412,2463302,2444721,,,150,2024-08-07 07:05:08.091
2429,2463539,2445061,,,150,2024-08-07 07:05:08.091
2430,2463540,2445081,,,150,2024-08-07 07:05:08.091
2431,2463541,2445101,,,28,2024-08-07 07:05:08.091
2432,2463542,2445121,,,28,2024-08-07 07:05:08.091
2449,2468159,2445461,,,150,2024-08-07 07:05:08.091
2469,2468179,2445861,,,150,2024-08-07 07:05:08.091
2489,2468299,2446261,,,150,2024-08-07 07:05:08.091
2490,2468300,2446281,,,150,2024-08-07 07:05:08.091
2491,2468301,2446301,,,150,2024-08-07 07:05:08.091
2492,2468302,2446321,,,150,2024-08-07 07:05:08.091
2493,2468303,2446341,,,150,2024-08-07 07:05:08.091
2494,2468304,2446361,,,150,2024-08-07 07:05:08.091
2495,2468305,2446381,,,150,2024-08-07 07:05:08.091
2509,2472330,2446661,,,150,2024-08-07 07:05:08.091
2529,2472359,2447061,,,150,2024-08-07 07:05:08.091
2549,2476602,2447461,,,150,2024-08-07 07:05:08.091
2569,2476619,2447861,,,150,2024-08-07 07:05:08.091
2570,2476620,2447881,,,150,2024-08-07 07:05:08.091
2571,2476621,2447901,,,150,2024-08-07 07:05:08.091
2572,2476622,2447921,,,150,2024-08-07 07:05:08.091
2589,2476639,2448261,,,150,2024-08-07 07:05:08.091
2590,2476640,2448281,,,28,2024-08-07 07:05:08.091
2609,2476641,2448661,,,150,2024-08-07 07:05:08.091
2629,2476659,2449061,,,150,2024-08-07 07:05:08.091
2649,2476815,2449461,,,150,2024-08-07 07:05:08.091
2669,2476878,2449861,,,150,2024-08-07 07:05:08.091
2670,2476879,2449881,,,150,2024-08-07 07:05:08.091
2689,2476899,2450261,,,150,2024-08-07 07:05:08.091
2690,2476900,2450281,,,150,2024-08-07 07:05:08.091
2691,2476901,2450301,,,150,2024-08-07 07:05:08.091
2692,2476902,2450321,,,150,2024-08-07 07:05:08.091
2693,2476903,2450341,,,150,2024-08-07 07:05:08.091
2694,2476904,2450361,,,150,2024-08-07 07:05:08.091
2695,2476905,2450381,,,150,2024-08-07 07:05:08.091
2709,2476919,2450401,,,150,2024-08-07 07:05:08.091
2710,2476920,2450421,,,150,2024-08-07 07:05:08.091
2711,2476921,2450441,,,150,2024-08-07 07:05:08.091
2729,2476934,2450661,,,150,2024-08-07 07:05:08.091
2730,2476935,2450681,,,150,2024-08-07 07:05:08.091
2731,2476936,2450701,,,150,2024-08-07 07:05:08.091
2749,2476939,2451061,,,150,2024-08-07 07:05:08.091
2750,2476940,2451081,,,150,2024-08-07 07:05:08.091
2751,2476941,2451101,,,150,2024-08-07 07:05:08.091
2752,2476942,2451121,,,150,2024-08-07 07:05:08.091
2753,2476943,2451141,,,150,2024-08-07 07:05:08.091
2754,2476944,2451161,,,150,2024-08-07 07:05:08.091
2755,2476945,2451181,,,150,2024-08-07 07:05:08.091
2756,2476946,2451201,,,150,2024-08-07 07:05:08.091
2757,2476947,2451221,,,150,2024-08-07 07:05:08.091
2758,2476948,2451241,,,150,2024-08-07 07:05:08.091
2759,2476949,2451261,,,150,2024-08-07 07:05:08.091
2760,2476950,2451281,,,150,2024-08-07 07:05:08.091
2761,2476951,2451301,,,150,2024-08-07 07:05:08.091
2762,2476952,2451321,,,150,2024-08-07 07:05:08.091
2763,2476953,2451341,,,150,2024-08-07 07:05:08.091
2764,2476954,2451361,,,150,2024-08-07 07:05:08.091
2765,2476955,2451381,,,150,2024-08-07 07:05:08.091
2766,2476956,2451401,,,150,2024-08-07 07:05:08.091
2767,2476957,2451421,,,150,2024-08-07 07:05:08.091
2768,2476958,2451441,,,150,2024-08-07 07:05:08.091
2769,2476959,2451461,,,150,2024-08-07 07:05:08.091
2770,2476960,2451481,,,150,2024-08-07 07:05:08.091
2771,2476961,2451501,,,150,2024-08-07 07:05:08.091
2789,2476979,2451861,,,150,2024-08-07 07:05:08.091
2790,2476980,2451881,,,150,2024-08-07 07:05:08.091
2791,2476981,2451901,,,150,2024-08-07 07:05:08.091
2792,2476982,2451921,,,150,2024-08-07 07:05:08.091
2793,2476983,2451941,,,150,2024-08-07 07:05:08.091
2809,2479334,2452261,,,150,2024-08-07 07:05:08.091
2810,2479335,2452281,,,150,2024-08-07 07:05:08.091
2829,2481119,2452661,,,150,2024-08-07 07:05:08.091
2849,2485361,2453061,,,150,2024-08-07 07:05:08.091
2850,2485362,2453081,,,150,2024-08-07 07:05:08.091
2869,2485379,2453461,,,150,2024-08-07 07:05:08.091
2889,2485399,2453861,,,150,2024-08-07 07:05:08.091
2890,2485400,2453881,,,150,2024-08-07 07:05:08.091
2909,2485439,2454261,,,150,2024-08-07 07:05:08.091
2910,2485440,2454281,,,150,2024-08-07 07:05:08.091
2911,2485441,2454301,,,150,2024-08-07 07:05:08.091
2929,2485459,2454661,,,150,2024-08-07 07:05:08.091
2949,2485460,2454681,,,150,2024-08-07 07:05:08.091
2969,2488565,2455061,,,150,2024-08-07 07:05:08.091
2989,2490119,2455461,,,150,2024-08-07 07:05:08.091
2990,2490120,2455481,,,150,2024-08-07 07:05:08.091
2991,2490121,2455501,,,150,2024-08-07 07:05:08.091
2992,2490122,2455521,,,150,2024-08-07 07:05:08.091
2993,2490123,2455541,,,150,2024-08-07 07:05:08.091
2994,2490124,2455561,,,150,2024-08-07 07:05:08.091
2995,2490125,2455581,,,150,2024-08-07 07:05:08.091
2996,2490126,2455601,,,150,2024-08-07 07:05:08.091
3009,2490139,2455861,,,150,2024-08-07 07:05:08.091
3010,2490140,2455881,,,150,2024-08-07 07:05:08.091
3011,2490141,2455901,,,150,2024-08-07 07:05:08.091
3029,2490219,2456261,,,150,2024-08-07 07:05:08.091
3030,2490220,2456281,,,150,2024-08-07 07:05:08.091
3049,2490379,2456661,,,150,2024-08-07 07:05:08.091
3050,2490380,2456681,,,150,2024-08-07 07:05:08.091
3051,2490381,2456701,,,150,2024-08-07 07:05:08.091
3052,2490382,2456721,,,150,2024-08-07 07:05:08.091
3053,2490383,2456741,,,150,2024-08-07 07:05:08.091
3054,2490384,2456761,,,150,2024-08-07 07:05:08.091
3055,2490385,2456781,,,150,2024-08-07 07:05:08.091
3056,2490386,2456801,,,150,2024-08-07 07:05:08.091
3057,2490387,2456821,,,150,2024-08-07 07:05:08.091
3058,2490388,2456841,,,150,2024-08-07 07:05:08.091
3059,2490389,2456861,,,150,2024-08-07 07:05:08.091
3060,2490390,2456881,,,150,2024-08-07 07:05:08.091
3069,2494519,2457061,,,150,2024-08-07 07:05:08.091
3089,2496944,2457461,,,150,2024-08-07 07:05:08.091
3090,2496945,2457481,,,150,2024-08-07 07:05:08.091
3109,2501099,2457861,,,150,2024-08-07 07:05:08.091
3110,2501100,2457881,,,150,2024-08-07 07:05:08.091
3129,2501119,2458261,,,150,2024-08-07 07:05:08.091
3130,2501120,2458281,,,150,2024-08-07 07:05:08.091
3131,2501121,2458301,,,150,2024-08-07 07:05:08.091
3149,2505359,2458661,,,150,2024-08-07 07:05:08.091
3150,2505360,2458681,,,150,2024-08-07 07:05:08.091
3151,2505361,2458701,,,150,2024-08-07 07:05:08.091
3169,2505369,2458721,,,150,2024-08-07 07:05:08.091
3189,2505479,2459061,,,150,2024-08-07 07:05:08.091
3209,2505579,2459461,,,150,2024-08-07 07:05:08.091
3229,2505613,2459861,,,150,2024-08-07 07:05:08.091
3249,2509679,2460261,,,150,2024-08-07 07:05:08.091
3250,2509680,2460281,,,150,2024-08-07 07:05:08.091
3251,2509681,2460301,,,150,2024-08-07 07:05:08.091
3252,2509682,2460321,,,150,2024-08-07 07:05:08.091
3253,2509683,2460341,,,150,2024-08-07 07:05:08.091
3254,2509684,2460361,,,150,2024-08-07 07:05:08.091
3255,2509685,2460381,,,150,2024-08-07 07:05:08.091
3256,2509686,2460401,,,150,2024-08-07 07:05:08.091
3257,2509687,2460421,,,150,2024-08-07 07:05:08.091
3269,2509899,2460661,,,150,2024-08-07 07:05:08.091
3270,2509900,2460681,,,150,2024-08-07 07:05:08.091
3271,2509901,2460701,,,150,2024-08-07 07:05:08.091
3272,2509902,2460721,,,150,2024-08-07 07:05:08.091
3273,2509903,2460741,,,150,2024-08-07 07:05:08.091
3274,2509904,2460761,,,150,2024-08-07 07:05:08.091
3275,2509905,2460781,,,150,2024-08-07 07:05:08.091
3276,2509906,2460801,,,150,2024-08-07 07:05:08.091
3277,2509907,2460821,,,150,2024-08-07 07:05:08.091
3278,2509908,2460841,,,150,2024-08-07 07:05:08.091
3279,2509909,2460861,,,150,2024-08-07 07:05:08.091
3289,2513954,2461061,,,150,2024-08-07 07:05:08.091
3309,2518199,2461461,,,150,2024-08-07 07:05:08.091
3329,2518381,2461861,,,150,2024-08-07 07:05:08.091
3330,2518382,2461881,,,150,2024-08-07 07:05:08.091
3331,2518383,2461901,,,150,2024-08-07 07:05:08.091
3332,2518384,2461921,,,150,2024-08-07 07:05:08.091
3333,2518385,2461941,,,150,2024-08-07 07:05:08.091
3349,2518511,2462261,,,150,2024-08-07 07:05:08.091
3350,2518512,2462281,,,150,2024-08-07 07:05:08.091
3351,2518513,2462301,,,150,2024-08-07 07:05:08.091
3352,2518514,2462321,,,150,2024-08-07 07:05:08.091
3369,2518719,2462661,,,150,2024-08-07 07:05:08.091
3370,2518720,2462681,,,150,2024-08-07 07:05:08.091
3371,2518721,2462701,,,150,2024-08-07 07:05:08.091
3389,2522859,2463061,,,150,2024-08-07 07:05:08.091
3390,2522860,2463081,,,150,2024-08-07 07:05:08.091
3391,2522861,2463101,,,150,2024-08-07 07:05:08.091
3409,2523019,2463461,,,150,2024-08-07 07:05:08.091
3410,2523020,2463481,,,150,2024-08-07 07:05:08.091
3411,2523021,2463501,,,150,2024-08-07 07:05:08.091
3412,2523022,2463521,,,150,2024-08-07 07:05:08.091
3429,2527859,2463861,,,150,2024-08-07 07:05:08.091
3449,2527948,2464261,,,150,2024-08-07 07:05:08.091
3469,2531159,2464661,,,150,2024-08-07 07:05:08.091
3470,2531160,2464681,,,150,2024-08-07 07:05:08.091
3471,2531161,2464701,,,150,2024-08-07 07:05:08.091
3472,2531162,2464721,,,150,2024-08-07 07:05:08.091
3473,2531163,2464741,,,150,2024-08-07 07:05:08.091
3474,2531164,2464761,,,150,2024-08-07 07:05:08.091
3475,2531165,2464781,,,150,2024-08-07 07:05:08.091
3476,2531166,2464801,,,150,2024-08-07 07:05:08.091
3477,2531167,2464821,,,150,2024-08-07 07:05:08.091
3478,2531168,2464841,,,150,2024-08-07 07:05:08.091
3479,2531169,2464861,,,150,2024-08-07 07:05:08.091
3480,2531170,2464881,,,150,2024-08-07 07:05:08.091
3481,2531171,2464901,,,150,2024-08-07 07:05:08.091
3489,2534239,2465061,,,150,2024-08-07 07:05:08.091
3490,2534240,2465081,,,150,2024-08-07 07:05:08.091
3491,2534241,2465101,,,150,2024-08-07 07:05:08.091
3492,2534242,2465121,,,150,2024-08-07 07:05:08.091
3509,2534499,2465461,,,150,2024-08-07 07:05:08.091
3529,2534720,2465861,,,150,2024-08-07 07:05:08.091
3530,2534721,2465881,,,150,2024-08-07 07:05:08.091
3531,2534722,2465901,,,150,2024-08-07 07:05:08.091
3532,2534723,2465921,,,150,2024-08-07 07:05:08.091
3549,2538739,2466261,,,150,2024-08-07 07:05:08.091
3550,2538740,2466281,,,150,2024-08-07 07:05:08.091
3551,2538741,2466301,,,150,2024-08-07 07:05:08.091
3552,2538742,2466321,,,150,2024-08-07 07:05:08.091
3553,2538743,2466341,,,150,2024-08-07 07:05:08.091
3554,2538762,2466361,,,150,2024-08-07 07:05:08.091
3555,2538763,2466381,,,150,2024-08-07 07:05:08.091
3569,2539059,2466661,,,150,2024-08-07 07:05:08.091
3570,2539060,2466681,,,150,2024-08-07 07:05:08.091
3571,2539061,2466701,,,150,2024-08-07 07:05:08.091
3572,2539062,2466721,,,150,2024-08-07 07:05:08.091
3589,2541223,2467061,,,150,2024-08-07 07:05:08.091
3590,2541224,2467081,,,150,2024-08-07 07:05:08.091
3591,2541225,2467101,,,150,2024-08-07 07:05:08.091
3592,2541226,2467121,,,150,2024-08-07 07:05:08.091
3593,2541227,2467141,,,150,2024-08-07 07:05:08.091
3594,2541228,2467161,,,150,2024-08-07 07:05:08.091
3595,2541229,2467181,,,150,2024-08-07 07:05:08.091
3596,2541230,2467201,,,150,2024-08-07 07:05:08.091
3609,2543459,2467461,,,150,2024-08-07 07:05:08.091
3610,2543460,2467481,,,150,2024-08-07 07:05:08.091
3611,2543461,2467501,,,150,2024-08-07 07:05:08.091
3612,2543462,2467521,,,150,2024-08-07 07:05:08.091
3613,2543463,2467541,,,150,2024-08-07 07:05:08.091
3629,2543668,2467861,,,150,2024-08-07 07:05:08.091
3630,2543669,2467881,,,150,2024-08-07 07:05:08.091
3631,2543670,2467901,,,150,2024-08-07 07:05:08.091
3632,2543671,2467921,,,150,2024-08-07 07:05:08.091
3649,2543979,2468261,,,150,2024-08-07 07:05:08.091
3650,2543980,2468281,,,150,2024-08-07 07:05:08.091
3651,2543981,2468301,,,150,2024-08-07 07:05:08.091
3652,2543982,2468321,,,150,2024-08-07 07:05:08.091
3653,2543983,2468341,,,150,2024-08-07 07:05:08.091
3654,2543984,2468361,,,150,2024-08-07 07:05:08.091
3669,2543999,2468661,,,150,2024-08-07 07:05:08.091
3670,2544000,2468681,,,150,2024-08-07 07:05:08.091
3671,2544001,2468701,,,150,2024-08-07 07:05:08.091
3672,2544002,2468721,,,150,2024-08-07 07:05:08.091
3673,2544003,2468741,,,150,2024-08-07 07:05:08.091
3689,2550519,2469061,,,150,2024-08-07 07:05:08.091
3690,2550520,2469081,,,150,2024-08-07 07:05:08.091
3691,2550521,2469101,,,150,2024-08-07 07:05:08.091
3692,2550522,2469121,,,150,2024-08-07 07:05:08.091
3693,2550523,2469141,,,150,2024-08-07 07:05:08.091
3694,2550524,2469161,,,150,2024-08-07 07:05:08.091
3695,2550525,2469181,,,150,2024-08-07 07:05:08.091
3696,2550526,2469201,,,150,2024-08-07 07:05:08.091
3697,2550527,2469221,,,150,2024-08-07 07:05:08.091
3698,2550528,2469241,,,150,2024-08-07 07:05:08.091
3699,2550529,2469261,,,150,2024-08-07 07:05:08.091
3700,2550530,2469281,,,150,2024-08-07 07:05:08.091
3709,2550819,2469461,,,150,2024-08-07 07:05:08.091
3729,2550939,2469861,,,150,2024-08-07 07:05:08.091
3749,2550962,2470261,,,150,2024-08-07 07:05:08.091
3750,2550963,2470281,,,150,2024-08-07 07:05:08.091
3751,2550964,2470301,,,150,2024-08-07 07:05:08.091
3769,2551139,2470661,,,150,2024-08-07 07:05:08.091
3770,2551140,2470681,,,150,2024-08-07 07:05:08.091
3789,2551279,2471061,,,150,2024-08-07 07:05:08.091
3790,2551280,2471081,,,150,2024-08-07 07:05:08.091
3791,2551281,2471101,,,150,2024-08-07 07:05:08.091
3792,2551282,2471121,,,150,2024-08-07 07:05:08.091
3793,2551283,2471141,,,150,2024-08-07 07:05:08.091
3794,2551284,2471161,,,150,2024-08-07 07:05:08.091
3795,2551285,2471181,,,150,2024-08-07 07:05:08.091
3796,2551286,2471201,,,150,2024-08-07 07:05:08.091
3797,2551287,2471221,,,150,2024-08-07 07:05:08.091
3798,2551288,2471241,,,150,2024-08-07 07:05:08.091
3799,2551289,2471261,,,150,2024-08-07 07:05:08.091
3800,2551290,2471281,,,150,2024-08-07 07:05:08.091
3809,2551419,2471461,,,150,2024-08-07 07:05:08.091
3810,2551420,2471481,,,150,2024-08-07 07:05:08.091
3811,2551421,2471501,,,150,2024-08-07 07:05:08.091
3812,2551422,2471521,,,150,2024-08-07 07:05:08.091
3813,2551423,2471541,,,150,2024-08-07 07:05:08.091
3814,2551424,2471561,,,150,2024-08-07 07:05:08.091
3815,2551425,2471581,,,150,2024-08-07 07:05:08.091
3816,2551426,2471601,,,150,2024-08-07 07:05:08.091
3817,2551427,2471621,,,150,2024-08-07 07:05:08.091
3818,2551428,2471641,,,150,2024-08-07 07:05:08.091
3819,2551429,2471661,,,150,2024-08-07 07:05:08.091
3820,2551430,2471681,,,150,2024-08-07 07:05:08.091
3821,2551431,2471701,,,150,2024-08-07 07:05:08.091
3822,2551432,2471721,,,150,2024-08-07 07:05:08.091
3829,2555699,2471861,,,150,2024-08-07 07:05:08.091
3830,2555700,2471881,,,150,2024-08-07 07:05:08.091
3831,2555701,2471901,,,150,2024-08-07 07:05:08.091
3832,2555702,2471921,,,150,2024-08-07 07:05:08.091
3849,2557927,2472261,,,150,2024-08-07 07:05:08.091
3850,2557928,2472281,,,150,2024-08-07 07:05:08.091
3851,2557929,2472301,,,150,2024-08-07 07:05:08.091
3869,2558181,2472661,,,150,2024-08-07 07:05:08.091
3889,2558456,2473061,,,150,2024-08-07 07:05:08.091
3909,2558459,2473461,,,150,2024-08-07 07:05:08.091
3929,2558479,2473861,,,150,2024-08-07 07:05:08.091
3930,2558480,2473881,,,150,2024-08-07 07:05:08.091
3931,2558481,2473901,,,150,2024-08-07 07:05:08.091
3932,2558482,2473921,,,150,2024-08-07 07:05:08.091
3933,2558483,2473941,,,150,2024-08-07 07:05:08.091
3934,2558484,2473961,,,150,2024-08-07 07:05:08.091
3935,2558485,2473981,,,150,2024-08-07 07:05:08.091
3936,2558486,2474001,,,150,2024-08-07 07:05:08.091
3937,2558487,2474021,,,150,2024-08-07 07:05:08.091
3949,2566699,2474261,,,150,2024-08-07 07:05:08.091
3950,2566700,2474281,,,150,2024-08-07 07:05:08.091
3951,2566701,2474301,,,150,2024-08-07 07:05:08.091
3952,2566702,2474321,,,150,2024-08-07 07:05:08.091
3953,2566703,2474341,,,150,2024-08-07 07:05:08.091
3970,2566820,2474681,,,150,2024-08-07 07:05:08.091
3971,2566821,2474701,,,150,2024-08-07 07:05:08.091
3989,2566959,2475061,,,150,2024-08-07 07:05:08.091
4009,2566985,2475461,,,150,2024-08-07 07:05:08.091
4010,2566986,2475481,,,150,2024-08-07 07:05:08.091
4011,2566987,2475501,,,150,2024-08-07 07:05:08.091
4012,2566988,2475521,,,150,2024-08-07 07:05:08.091
4029,2567479,2475861,,,150,2024-08-07 07:05:08.091
4030,2567480,2475881,,,150,2024-08-07 07:05:08.091
4031,2567481,2475901,,,150,2024-08-07 07:05:08.091
4032,2567482,2475921,,,150,2024-08-07 07:05:08.091
4033,2567483,2475941,,,150,2024-08-07 07:05:08.091
4034,2567484,2475961,,,150,2024-08-07 07:05:08.091
4035,2567485,2475981,,,150,2024-08-07 07:05:08.091
4036,2567486,2476001,,,150,2024-08-07 07:05:08.091
4049,2569579,2476261,,,150,2024-08-07 07:05:08.091
4050,2569580,2476281,,,150,2024-08-07 07:05:08.091
4051,2569581,2476301,,,150,2024-08-07 07:05:08.091
4052,2569582,2476321,,,150,2024-08-07 07:05:08.091
4053,2569583,2476341,,,150,2024-08-07 07:05:08.091
4054,2569584,2476361,,,150,2024-08-07 07:05:08.091
4069,2573779,2476661,,,150,2024-08-07 07:05:08.091
4070,2573780,2476681,,,150,2024-08-07 07:05:08.091
4071,2573781,2476701,,,150,2024-08-07 07:05:08.091
4089,2575799,2477061,,,150,2024-08-07 07:05:08.091
4090,2575800,2477081,,,150,2024-08-07 07:05:08.091
4091,2575801,2477101,,,150,2024-08-07 07:05:08.091
4109,2575919,2477461,,,150,2024-08-07 07:05:08.091
4129,2575939,2477861,,,150,2024-08-07 07:05:08.091
4130,2575940,2477881,,,150,2024-08-07 07:05:08.091
4149,2576039,2478261,,,150,2024-08-07 07:05:08.091
4150,2576040,2478281,,,150,2024-08-07 07:05:08.091
4151,2576041,2478301,,,150,2024-08-07 07:05:08.091
4169,2576134,2478661,,,150,2024-08-07 07:05:08.091
4170,2576135,2478681,,,150,2024-08-07 07:05:08.091
4171,2576136,2478701,,,150,2024-08-07 07:05:08.091
4172,2576137,2478721,,,150,2024-08-07 07:05:08.091
4173,2576138,2478741,,,150,2024-08-07 07:05:08.091
4174,2576139,2478761,,,150,2024-08-07 07:05:08.091
4189,2576243,2479061,,,150,2024-08-07 07:05:08.091
4209,2576339,2479461,,,150,2024-08-07 07:05:08.091
4210,2576340,2479481,,,150,2024-08-07 07:05:08.091
4211,2576341,2479501,,,150,2024-08-07 07:05:08.091
4212,2576342,2479521,,,150,2024-08-07 07:05:08.091
4229,2576499,2479861,,,150,2024-08-07 07:05:08.091
4249,2576519,2480261,,,150,2024-08-07 07:05:08.091
4250,2576520,2480281,,,150,2024-08-07 07:05:08.091
4251,2576521,2480301,,,150,2024-08-07 07:05:08.091
4252,2576522,2480321,,,150,2024-08-07 07:05:08.091
4253,2576523,2480341,,,150,2024-08-07 07:05:08.091
4269,2576659,2480661,,,150,2024-08-07 07:05:08.091
4270,2576660,2480681,,,150,2024-08-07 07:05:08.091
4289,2576759,2481061,,,150,2024-08-07 07:05:08.091
4309,2576779,2481461,,,150,2024-08-07 07:05:08.091
4310,2576780,2481481,,,150,2024-08-07 07:05:08.091
4311,2576781,2481501,,,150,2024-08-07 07:05:08.091
4312,2576782,2481521,,,150,2024-08-07 07:05:08.091
4313,2576783,2481541,,,150,2024-08-07 07:05:08.091
4314,2576784,2481561,,,150,2024-08-07 07:05:08.091
4329,2578879,2481861,,,150,2024-08-07 07:05:08.091
4349,2579007,2482261,,,150,2024-08-07 07:05:08.091
4350,2579008,2482281,,,150,2024-08-07 07:05:08.091
4369,2581099,2482661,,,150,2024-08-07 07:05:08.091
4370,2581100,2482681,,,150,2024-08-07 07:05:08.091
4389,2581106,2482701,,,150,2024-08-07 07:05:08.091
4409,2581182,2483061,,,150,2024-08-07 07:05:08.091
4429,2581299,2483461,,,150,2024-08-07 07:05:08.091
4449,2583339,2483861,,,150,2024-08-07 07:05:08.091
4469,2587519,2484261,,,150,2024-08-07 07:05:08.091
4489,2587539,2484661,,,150,2024-08-07 07:05:08.091
4509,2587579,2485061,,,150,2024-08-07 07:05:08.091
4510,2587580,2485081,,,150,2024-08-07 07:05:08.091
4511,2587581,2485101,,,150,2024-08-07 07:05:08.091
4512,2587582,2485121,,,150,2024-08-07 07:05:08.091
4513,2587583,2485141,,,150,2024-08-07 07:05:08.091
4514,2587584,2485161,,,150,2024-08-07 07:05:08.091
4515,2587585,2485181,,,150,2024-08-07 07:05:08.091
4516,2587586,2485201,,,150,2024-08-07 07:05:08.091
4517,2587587,2485221,,,150,2024-08-07 07:05:08.091
4518,2587588,2485241,,,150,2024-08-07 07:05:08.091
4519,2587589,2485261,,,150,2024-08-07 07:05:08.091
4520,2587590,2485281,,,150,2024-08-07 07:05:08.091
4521,2587591,2485301,,,150,2024-08-07 07:05:08.091
4522,2587592,2485321,,,150,2024-08-07 07:05:08.091
4523,2587593,2485341,,,150,2024-08-07 07:05:08.091
4524,2587594,2485361,,,150,2024-08-07 07:05:08.091
4529,2587599,2485461,,,150,2024-08-07 07:05:08.091
4530,2587600,2485481,,,150,2024-08-07 07:05:08.091
4531,2587601,2485501,,,150,2024-08-07 07:05:08.091
4549,2590359,2485861,,,150,2024-08-07 07:05:08.091
4550,2590360,2485881,,,150,2024-08-07 07:05:08.091
4551,2590361,2485901,,,150,2024-08-07 07:05:08.091
4552,2590362,2485921,,,150,2024-08-07 07:05:08.091
4553,2590363,2485941,,,150,2024-08-07 07:05:08.091
4554,2590364,2485961,,,150,2024-08-07 07:05:08.091
4555,2590365,2485981,,,150,2024-08-07 07:05:08.091
4569,2590459,2486261,,,150,2024-08-07 07:05:08.091
4589,2590499,2486661,,,150,2024-08-07 07:05:08.091
4590,2590500,2486681,,,150,2024-08-07 07:05:08.091
4591,2590501,2486701,,,150,2024-08-07 07:05:08.091
4592,2590502,2486721,,,150,2024-08-07 07:05:08.091
4593,2590503,2486741,,,150,2024-08-07 07:05:08.091
4594,2590504,2486761,,,150,2024-08-07 07:05:08.091
4595,2590505,2486781,,,150,2024-08-07 07:05:08.091
4596,2590506,2486801,,,150,2024-08-07 07:05:08.091
4597,2590507,2486821,,,150,2024-08-07 07:05:08.091
4598,2590508,2486841,,,150,2024-08-07 07:05:08.091
4599,2590509,2486861,,,150,2024-08-07 07:05:08.091
4609,2590619,2487061,,,150,2024-08-07 07:05:08.091
4610,2590620,2487081,,,150,2024-08-07 07:05:08.091
4611,2590621,2487101,,,150,2024-08-07 07:05:08.091
4612,2590622,2487121,,,150,2024-08-07 07:05:08.091
4613,2590623,2487141,,,150,2024-08-07 07:05:08.091
4614,2590624,2487161,,,150,2024-08-07 07:05:08.091
4629,2593079,2487461,,,150,2024-08-07 07:05:08.091
4649,2593099,2487861,,,150,2024-08-07 07:05:08.091
4650,2593100,2487881,,,150,2024-08-07 07:05:08.091
4651,2593101,2487901,,,150,2024-08-07 07:05:08.091
4652,2593102,2487921,,,150,2024-08-07 07:05:08.091
4653,2593103,2487941,,,150,2024-08-07 07:05:08.091
4654,2593104,2487961,,,150,2024-08-07 07:05:08.091
4655,2593105,2487981,,,150,2024-08-07 07:05:08.091
4656,2593106,2488001,,,150,2024-08-07 07:05:08.091
4657,2593107,2488021,,,150,2024-08-07 07:05:08.091
4658,2593108,2488041,,,150,2024-08-07 07:05:08.091
4659,2593109,2488061,,,150,2024-08-07 07:05:08.091
4660,2593110,2488081,,,150,2024-08-07 07:05:08.091
4661,2593111,2488101,,,150,2024-08-07 07:05:08.091
4662,2593112,2488121,,,150,2024-08-07 07:05:08.091
4663,2593113,2488141,,,150,2024-08-07 07:05:08.091
4664,2593114,2488161,,,150,2024-08-07 07:05:08.091
4665,2593115,2488181,,,150,2024-08-07 07:05:08.091
4666,2593116,2488201,,,150,2024-08-07 07:05:08.091
4667,2593117,2488221,,,150,2024-08-07 07:05:08.091
4668,2593118,2488241,,,150,2024-08-07 07:05:08.091
4669,2593119,2488261,,,150,2024-08-07 07:05:08.091
4670,2593120,2488281,,,150,2024-08-07 07:05:08.091
4671,2593121,2488301,,,150,2024-08-07 07:05:08.091
4672,2593122,2488321,,,150,2024-08-07 07:05:08.091
4673,2593123,2488341,,,150,2024-08-07 07:05:08.091
4674,2593124,2488361,,,150,2024-08-07 07:05:08.091
4675,2593125,2488381,,,150,2024-08-07 07:05:08.091
4676,2593126,2488401,,,150,2024-08-07 07:05:08.091
4677,2593127,2488421,,,150,2024-08-07 07:05:08.091
4678,2593128,2488441,,,150,2024-08-07 07:05:08.091
4679,2593129,2488461,,,150,2024-08-07 07:05:08.091
4689,2593148,2488661,,,150,2024-08-07 07:05:08.091
4690,2593149,2488681,,,150,2024-08-07 07:05:08.091
4691,2593150,2488701,,,150,2024-08-07 07:05:08.091
4709,2595239,2489061,,,150,2024-08-07 07:05:08.091
4729,2601359,2489461,,,150,2024-08-07 07:05:08.091
4749,2601379,2489861,,,28,2024-08-07 07:05:08.091
4750,2601380,2489881,,,28,2024-08-07 07:05:08.091
4751,2601381,2489901,,,28,2024-08-07 07:05:08.091
4752,2601382,2489921,,,28,2024-08-07 07:05:08.091
4753,2601383,2489941,,,150,2024-08-07 07:05:08.091
4754,2601384,2489961,,,150,2024-08-07 07:05:08.091
4755,2601385,2489981,,,150,2024-08-07 07:05:08.091
4756,2601386,2490001,,,150,2024-08-07 07:05:08.091
4757,2601387,2490021,,,150,2024-08-07 07:05:08.091
4758,2601388,2490041,,,150,2024-08-07 07:05:08.091
4759,2601389,2490061,,,150,2024-08-07 07:05:08.091
4760,2601390,2490081,,,150,2024-08-07 07:05:08.091
4761,2601391,2490101,,,150,2024-08-07 07:05:08.091
4762,2601392,2490121,,,150,2024-08-07 07:05:08.091
4763,2601393,2490141,,,150,2024-08-07 07:05:08.091
4764,2601394,2490161,,,150,2024-08-07 07:05:08.091
4765,2601395,2490181,,,150,2024-08-07 07:05:08.091
4766,2601396,2490201,,,150,2024-08-07 07:05:08.091
4767,2601397,2490221,,,150,2024-08-07 07:05:08.091
4769,2601791,2490261,,,150,2024-08-07 07:05:08.091
4789,2605899,2490661,,,150,2024-08-07 07:05:08.091
4809,2606019,2491061,,,150,2024-08-07 07:05:08.091
4810,2606020,2491081,,,150,2024-08-07 07:05:08.091
4811,2606021,2491101,,,150,2024-08-07 07:05:08.091
4812,2606022,2491121,,,150,2024-08-07 07:05:08.091
4813,2606023,2491141,,,150,2024-08-07 07:05:08.091
4814,2606024,2491161,,,150,2024-08-07 07:05:08.091
4815,2606025,2491181,,,150,2024-08-07 07:05:08.091
4816,2606026,2491201,,,150,2024-08-07 07:05:08.091
4817,2606027,2491221,,,150,2024-08-07 07:05:08.091
4818,2606028,2491241,,,150,2024-08-07 07:05:08.091
4819,2606029,2491261,,,150,2024-08-07 07:05:08.091
4820,2606030,2491281,,,150,2024-08-07 07:05:08.091
4821,2606031,2491301,,,150,2024-08-07 07:05:08.091
4822,2606032,2491321,,,150,2024-08-07 07:05:08.091
4823,2606033,2491341,,,150,2024-08-07 07:05:08.091
4824,2606034,2491361,,,150,2024-08-07 07:05:08.091
4825,2606035,2491381,,,150,2024-08-07 07:05:08.091
4826,2606036,2491401,,,150,2024-08-07 07:05:08.091
4827,2606037,2491421,,,150,2024-08-07 07:05:08.091
4828,2606038,2491441,,,150,2024-08-07 07:05:08.091
4829,2606039,2491461,,,150,2024-08-07 07:05:08.091
4849,2606067,2491861,,,150,2024-08-07 07:05:08.091
4869,2606199,2492261,,,150,2024-08-07 07:05:08.091
4870,2606200,2492281,,,150,2024-08-07 07:05:08.091
4889,2606319,2492661,,,150,2024-08-07 07:05:08.091
4890,2606320,2492681,,,150,2024-08-07 07:05:08.091
4891,2606321,2492701,,,150,2024-08-07 07:05:08.091
4892,2606322,2492721,,,150,2024-08-07 07:05:08.091
4893,2606323,2492741,,,150,2024-08-07 07:05:08.091
4894,2606324,2492761,,,150,2024-08-07 07:05:08.091
4895,2606325,2492781,,,150,2024-08-07 07:05:08.091
4896,2606326,2492801,,,150,2024-08-07 07:05:08.091
4897,2606327,2492821,,,150,2024-08-07 07:05:08.091
4898,2606328,2492841,,,150,2024-08-07 07:05:08.091
4899,2606329,2492861,,,150,2024-08-07 07:05:08.091
4909,2608439,2493061,,,150,2024-08-07 07:05:08.091
4929,2608459,2493461,,,150,2024-08-07 07:05:08.091
4949,2608639,2493861,,,150,2024-08-07 07:05:08.091
4950,2608640,2493881,,,150,2024-08-07 07:05:08.091
4951,2608641,2493901,,,150,2024-08-07 07:05:08.091
4952,2608642,2493921,,,150,2024-08-07 07:05:08.091
4953,2608643,2493941,,,150,2024-08-07 07:05:08.091
4954,2608644,2493961,,,150,2024-08-07 07:05:08.091
4955,2608645,2493981,,,150,2024-08-07 07:05:08.091
4956,2608646,2494001,,,150,2024-08-07 07:05:08.091
4957,2608647,2494021,,,150,2024-08-07 07:05:08.091
4958,2608648,2494041,,,150,2024-08-07 07:05:08.091
4959,2608649,2494061,,,150,2024-08-07 07:05:08.091
4960,2608650,2494081,,,150,2024-08-07 07:05:08.091
4961,2608651,2494101,,,150,2024-08-07 07:05:08.091
4962,2608652,2494121,,,150,2024-08-07 07:05:08.091
4969,2608659,2494261,,,150,2024-08-07 07:05:08.091
4970,2608660,2494281,,,150,2024-08-07 07:05:08.091
4971,2608661,2494301,,,150,2024-08-07 07:05:08.091
4972,2608662,2494321,,,150,2024-08-07 07:05:08.091
4973,2608663,2494341,,,150,2024-08-07 07:05:08.091
4974,2608664,2494361,,,150,2024-08-07 07:05:08.091
4975,2608665,2494381,,,150,2024-08-07 07:05:08.091
4976,2608666,2494401,,,150,2024-08-07 07:05:08.091
4989,2608759,2494661,,,150,2024-08-07 07:05:08.091
4990,2608760,2494681,,,150,2024-08-07 07:05:08.091
4991,2608761,2494701,,,150,2024-08-07 07:05:08.091
4992,2608762,2494721,,,150,2024-08-07 07:05:08.091
4993,2608763,2494741,,,150,2024-08-07 07:05:08.091
4994,2608764,2494761,,,150,2024-08-07 07:05:08.091
4995,2608765,2494781,,,150,2024-08-07 07:05:08.091
4996,2608766,2494801,,,150,2024-08-07 07:05:08.091
5009,2608779,2495061,,,150,2024-08-07 07:05:08.091
5029,2612919,2495461,,,150,2024-08-07 07:05:08.091
5049,2613059,2495861,,,150,2024-08-07 07:05:08.091
5050,2613060,2495881,,,150,2024-08-07 07:05:08.091
5069,2615203,2496261,,,150,2024-08-07 07:05:08.091
5089,2617279,2496661,,,150,2024-08-07 07:05:08.091
5109,2619799,2497061,,,150,2024-08-07 07:05:08.091
5129,2619899,2497461,,,150,2024-08-07 07:05:08.091
5149,2619919,2497861,,,150,2024-08-07 07:05:08.091
5169,2622139,2498261,,,150,2024-08-07 07:05:08.091
5170,2622140,2498281,,,150,2024-08-07 07:05:08.091
5171,2622141,2498301,,,150,2024-08-07 07:05:08.091
5172,2622142,2498321,,,150,2024-08-07 07:05:08.091
5173,2622143,2498341,,,150,2024-08-07 07:05:08.091
5174,2622144,2498361,,,150,2024-08-07 07:05:08.091
5175,2622145,2498381,,,150,2024-08-07 07:05:08.091
5209,2624319,2499061,,,150,2024-08-07 07:05:08.091
5210,2624320,2499081,,,150,2024-08-07 07:05:08.091
5211,2624321,2499101,,,150,2024-08-07 07:05:08.091
5212,2624322,2499121,,,150,2024-08-07 07:05:08.091
5229,2630439,2499461,,,150,2024-08-07 07:05:08.091
5230,2630440,2499481,,,150,2024-08-07 07:05:08.091
5232,2630442,2499521,,,150,2024-08-07 07:05:08.091
5233,2630443,2499541,,,150,2024-08-07 07:05:08.091
5234,2630444,2499561,,,150,2024-08-07 07:05:08.091
5249,2632459,2499861,,,150,2024-08-07 07:05:08.091
5269,2632559,2500261,,,150,2024-08-07 07:05:08.091
5289,2632819,2500661,,,150,2024-08-07 07:05:08.091
5309,2633019,2501061,,,150,2024-08-07 07:05:08.091
5310,2633020,2501081,,,150,2024-08-07 07:05:08.091
5311,2633021,2501101,,,150,2024-08-07 07:05:08.091
5329,2633099,2501461,,,150,2024-08-07 07:05:08.091
5330,2633100,2501481,,,150,2024-08-07 07:05:08.091
5349,2633199,2501861,,,150,2024-08-07 07:05:08.091
5351,2633201,2501901,,,150,2024-08-07 07:05:08.091
5352,2633202,2501921,,,150,2024-08-07 07:05:08.091
5353,2633275,2502261,,,150,2024-08-07 07:05:08.091
5369,2633439,2502661,,,150,2024-08-07 07:05:08.091
5389,2635743,2503061,,,150,2024-08-07 07:05:08.091
5409,2635839,2503461,,,150,2024-08-07 07:05:08.091
5410,2635840,2503481,,,150,2024-08-07 07:05:08.091
5411,2635841,2503501,,,150,2024-08-07 07:05:08.091
5429,2635879,2503861,,,150,2024-08-07 07:05:08.091
5430,2635880,2503881,,,150,2024-08-07 07:05:08.091
5431,2635881,2503901,,,150,2024-08-07 07:05:08.091
5449,2639979,2504261,,,150,2024-08-07 07:05:08.091
5450,2639980,2504281,,,150,2024-08-07 07:05:08.091
5451,2639981,2504301,,,150,2024-08-07 07:05:08.091
5452,2639982,2504321,,,150,2024-08-07 07:05:08.091
5469,2642579,2504661,,,150,2024-08-07 07:05:08.091
5489,2645179,2505061,,,150,2024-08-07 07:05:08.091
5490,2645180,2505081,,,150,2024-08-07 07:05:08.091
5509,2645219,2505461,,,150,2024-08-07 07:05:08.091
5529,2645488,2505861,,,150,2024-08-07 07:05:08.091
5530,2645489,2505881,,,150,2024-08-07 07:05:08.091
5531,2645490,2505901,,,150,2024-08-07 07:05:08.091
5549,2645679,2506261,,,28,2024-08-07 07:05:08.091
5569,2647899,2506661,,,150,2024-08-07 07:05:08.091
5589,2647919,2507061,,,150,2024-08-07 07:05:08.091
5590,2647920,2507081,,,150,2024-08-07 07:05:08.091
5591,2647921,2507101,,,150,2024-08-07 07:05:08.091
5609,2650119,2507461,,,150,2024-08-07 07:05:08.091
5629,2650739,2507861,,,150,2024-08-07 07:05:08.091
5649,2651859,2508261,,,150,2024-08-07 07:05:08.091
5669,2651879,2508661,,,150,2024-08-07 07:05:08.091
5670,2651880,2508681,,,150,2024-08-07 07:05:08.091
5671,2651881,2508701,,,150,2024-08-07 07:05:08.091
5689,2654879,2509061,,,150,2024-08-07 07:05:08.091
5690,2654880,2509081,,,150,2024-08-07 07:05:08.091
5709,2656259,2509461,,,150,2024-08-07 07:05:08.091
5729,2656359,2509861,,,150,2024-08-07 07:05:08.091
5749,2656459,2510261,,,150,2024-08-07 07:05:08.091
5750,2656460,2510281,,,150,2024-08-07 07:05:08.091
5769,2657859,2510661,,,150,2024-08-07 07:05:08.091
5770,2657860,2510681,,,150,2024-08-07 07:05:08.091
5789,2658119,2511061,,,150,2024-08-07 07:05:08.091
5790,2658120,2511081,,,150,2024-08-07 07:05:08.091
5791,2658121,2511101,,,150,2024-08-07 07:05:08.091
5792,2658122,2511121,,,150,2024-08-07 07:05:08.091
5793,2658123,2511141,,,150,2024-08-07 07:05:08.091
5794,2658124,2511161,,,150,2024-08-07 07:05:08.091
5809,2662419,2511461,,,150,2024-08-07 07:05:08.091
5829,2664479,2511861,,,150,2024-08-07 07:05:08.091
5830,2664480,2511881,,,150,2024-08-07 07:05:08.091
5831,2664481,2511901,,,150,2024-08-07 07:05:08.091
5832,2664482,2511921,,,150,2024-08-07 07:05:08.091
5833,2664483,2511941,,,150,2024-08-07 07:05:08.091
5849,2664499,2512261,,,150,2024-08-07 07:05:08.091
5869,2664519,2512661,,,150,2024-08-07 07:05:08.091
5889,2665639,2513061,,,150,2024-08-07 07:05:08.091
5890,2665640,2513081,,,150,2024-08-07 07:05:08.091
5909,2665679,2513461,,,150,2024-08-07 07:05:08.091
5910,2665680,2513481,,,150,2024-08-07 07:05:08.091
5929,2665699,2513861,,,150,2024-08-07 07:05:08.091
5930,2665700,2513881,,,150,2024-08-07 07:05:08.091
5931,2665701,2513901,,,150,2024-08-07 07:05:08.091
5932,2665702,2513921,,,150,2024-08-07 07:05:08.091
5949,2668239,2514261,,,150,2024-08-07 07:05:08.091
5969,2668299,2514661,,,150,2024-08-07 07:05:08.091
5970,2668300,2514681,,,150,2024-08-07 07:05:08.091
5971,2668301,2514701,,,150,2024-08-07 07:05:08.091
5989,2668319,2515061,,,150,2024-08-07 07:05:08.091
5990,2668320,2515081,,,150,2024-08-07 07:05:08.091
5991,2668321,2515101,,,150,2024-08-07 07:05:08.091
5992,2668322,2515121,,,150,2024-08-07 07:05:08.091
6009,2675679,2515461,,,150,2024-08-07 07:05:08.091
6029,2675699,2515861,,,150,2024-08-07 07:05:08.091
6049,2682019,2516261,,,150,2024-08-07 07:05:08.091
6050,2682020,2516281,,,150,2024-08-07 07:05:08.091
6069,655765,2358261,,5000.0,150,2024-08-07 07:05:08.091
6089,2686331,2516661,,,150,2024-08-07 07:05:08.091
6090,2686332,2516681,,,150,2024-08-07 07:05:08.091
6109,2686359,2517061,,,150,2024-08-07 07:05:08.091
6129,2686419,2517461,,,150,2024-08-07 07:05:08.091
6149,2686479,2517861,,,150,2024-08-07 07:05:08.091
6169,2690599,2518261,,,150,2024-08-07 07:05:08.091
6170,2690600,2518281,,,150,2024-08-07 07:05:08.091
6189,2692619,2518661,,,150,2024-08-07 07:05:08.091
6190,2692620,2518681,,,150,2024-08-07 07:05:08.091
6191,2692621,2518701,,,150,2024-08-07 07:05:08.091
6209,2692679,2519061,,,150,2024-08-07 07:05:08.091
6229,2692699,2519461,,,150,2024-08-07 07:05:08.091
6249,2699079,2519861,,,150,2024-08-07 07:05:08.091
6269,2699099,2520261,,,150,2024-08-07 07:05:08.091
6289,2703239,2520661,,,150,2024-08-07 07:05:08.091
6290,2703240,2520681,,,150,2024-08-07 07:05:08.091
6309,2703279,2521061,,,150,2024-08-07 07:05:08.091
6329,2705419,2521461,,,150,2024-08-07 07:05:08.091
6330,2705420,2521481,,,150,2024-08-07 07:05:08.091
6349,2707659,2521861,,,150,2024-08-07 07:05:08.091
6369,2707819,2522261,,,150,2024-08-07 07:05:08.091
6370,2707820,2522281,,,150,2024-08-07 07:05:08.091
6389,2707940,2522661,,,150,2024-08-07 07:05:08.091
6390,2707941,2522681,,,150,2024-08-07 07:05:08.091
6409,2708679,2523061,,,150,2024-08-07 07:05:08.091
6429,2708819,2523461,,,150,2024-08-07 07:05:08.091
6430,2708820,2523481,,,150,2024-08-07 07:05:08.091
6449,2708879,2523861,,,150,2024-08-07 07:05:08.091
6450,2708880,2523881,,,150,2024-08-07 07:05:08.091
6469,2708939,2524261,,,150,2024-08-07 07:05:08.091
6489,2709059,2524661,,,150,2024-08-07 07:05:08.091
6509,2709099,2525061,,,150,2024-08-07 07:05:08.091
6529,2715239,2525461,,,150,2024-08-07 07:05:08.091
6549,2719339,2525861,,,150,2024-08-07 07:05:08.091
6569,2719399,2526261,,,150,2024-08-07 07:05:08.091
6589,2719539,2526661,,,150,2024-08-07 07:05:08.091
6590,2719540,2526681,,,150,2024-08-07 07:05:08.091
6591,2719541,2526701,,,150,2024-08-07 07:05:08.091
6592,2719542,2526721,,,150,2024-08-07 07:05:08.091
6593,2719543,2526741,,,150,2024-08-07 07:05:08.091
6609,2723759,2527061,,,150,2024-08-07 07:05:08.091
6610,2723760,2527081,,,150,2024-08-07 07:05:08.091
6611,2723761,2527101,,,150,2024-08-07 07:05:08.091
6629,2723799,2527461,,,150,2024-08-07 07:05:08.091
6649,2723859,2527861,,,150,2024-08-07 07:05:08.091
6669,2726099,2528261,,,150,2024-08-07 07:05:08.091
6670,2726100,2528281,,,150,2024-08-07 07:05:08.091
6689,2726259,2528661,,,150,2024-08-07 07:05:08.091
6690,2726260,2528681,,,150,2024-08-07 07:05:08.091
6709,2726479,2529061,,,150,2024-08-07 07:05:08.091
6729,2727719,2529461,,,150,2024-08-07 07:05:08.091
6749,2729479,2529861,,,150,2024-08-07 07:05:08.091
6769,2730074,2530261,,,150,2024-08-07 07:05:08.091
6770,2730075,2530281,,,150,2024-08-07 07:05:08.091
6771,2730076,2530301,,,150,2024-08-07 07:05:08.091
6789,2730412,2530661,,,150,2024-08-07 07:05:08.091
6790,2730413,2530681,,,150,2024-08-07 07:05:08.091
6809,2730419,2531061,,,150,2024-08-07 07:05:08.091
6829,2730459,2531461,,,150,2024-08-07 07:05:08.091
6849,2732799,2531861,,,150,2024-08-07 07:05:08.091
6869,2732819,2532261,,,150,2024-08-07 07:05:08.091
6889,2732879,2532661,,,150,2024-08-07 07:05:08.091
6890,2732880,2532681,,,150,2024-08-07 07:05:08.091
6891,2732881,2532701,,,150,2024-08-07 07:05:08.091
6909,2733199,2533061,,,150,2024-08-07 07:05:08.091
6929,2733219,2533461,,,150,2024-08-07 07:05:08.091
6949,2735899,2533861,,,150,2024-08-07 07:05:08.091
6950,2735900,2533881,,,150,2024-08-07 07:05:08.091
6969,2735919,2534261,,,150,2024-08-07 07:05:08.091
6989,2743039,2534661,,,150,2024-08-07 07:05:08.091
6990,2743040,2534681,,,150,2024-08-07 07:05:08.091
6991,2743041,2534701,,,150,2024-08-07 07:05:08.091
7009,2743099,2535061,,,150,2024-08-07 07:05:08.091
7029,2743119,2535461,,,150,2024-08-07 07:05:08.091
7030,2743120,2535481,,,150,2024-08-07 07:05:08.091
7049,2743579,2535861,,,150,2024-08-07 07:05:08.091
7050,2743580,2535881,,,150,2024-08-07 07:05:08.091
7051,2743581,2535901,,,150,2024-08-07 07:05:08.091
7069,2743759,2536261,,,150,2024-08-07 07:05:08.091
7070,2743760,2536281,,,150,2024-08-07 07:05:08.091
7071,2743761,2536301,,,150,2024-08-07 07:05:08.091
7072,2743762,2536321,,,150,2024-08-07 07:05:08.091
7089,2743999,2536661,,,150,2024-08-07 07:05:08.091
7109,2744139,2537061,,,150,2024-08-07 07:05:08.091
7110,2744140,2537081,,,150,2024-08-07 07:05:08.091
7111,2744141,2537101,,,150,2024-08-07 07:05:08.091
7129,2744259,2537461,,,150,2024-08-07 07:05:08.091
7130,2744260,2537481,,,150,2024-08-07 07:05:08.091
7131,2744261,2537501,,,150,2024-08-07 07:05:08.091
7149,2744819,2537861,,,150,2024-08-07 07:05:08.091
7150,2744820,2537881,,,150,2024-08-07 07:05:08.091
7151,2744821,2537901,,,150,2024-08-07 07:05:08.091
1089,2385839,2418661,,,150,2024-08-07 07:05:08.091
