liab,ts_cnt,bank_id,cust_id,del_flg,free_text,lchg_time,rcre_time,sanct_lim,crncy_code,limit_desc,limit_type,bank_set_id,drwng_power,limit_b2kid,status_code,int_tbl_code,lchg_user_id,limit_prefix,limit_suffix,lim_eff_date,lim_exp_date,num_of_accts,product_type,rcre_user_id,secured_liab,committed_flg,cont_tran_amt,extension_cnt,fxd_crncy_flg,treasury_liab,cont_tran_rate,entity_cre_flg,lim_sanct_date,orig_sanct_lim,active_temp_lim,alt1_limit_desc,approval_ref_no,contingent_liab,cont_tran_crncy,drwng_power_ind,fructified_liab,last_purge_date,oper_debit_acid,sanct_auth_code,sanct_levl_code,user_maint_liab,drwng_power_pcnt,global_limit_flg,bg_effective_liab,implicit_node_flg,limit_master_code,limit_review_date,lim_contract_date,orig_lim_exp_date,cond_precedent_flg,extrn_limit_id_flg,lc_single_tran_flg,parent_limit_b2kid,pattern_of_funding,cont_tran_rate_code,base_user_maint_liab,cont_tran_amt_in_lcy,availability_end_date,liab_as_on_purge_date,sanct_lim_or_liab_flg,util_limit_fund_based,min_req_collateral_pcnt,global_parent_limit_b2kid,modify_delete_reason_code,util_limit_non_fund_based,util_lim_fund_on_prg_date,cont_liab_as_on_purge_date,global_parent_limit_bankid,sanct_lim_as_on_purge_date,secd_liab_as_on_purge_date,fruct_liab_as_on_purge_date,treasury_liab_from_children,bg_eff_liab_as_on_purge_date,drwng_power_as_on_purge_date,usr_maint_liab_on_purge_date,util_lim_nonfund_on_prg_date,user_maint_liab_from_children,usr_mnt_liab_frm_child_prg_dt,updated_at
0.0,14,1, 04006533,N,,2011-02-08T15:35:40,2010-06-22T16:48:35,15000000.0,NPR,DEMAND LOAN ONE OFF,C,,0.0,DC5875,,,MANC,04006533,DL1,,2010-09-20T00:00:00.000000,1,,ASHOKT,0,N,0,,,,0,Y,2010-06-22T00:00:00.000000,15000000.0,0,,,0,,M,0,2010-06-21T00:00:00.000000,,HBB,CORP,0,0,N,0,N,MIGMLM,,,2010-09-20T00:00:00.000000,Y,,N,ROOT,,,0,0,,0,,0.0,0,ROOT,,0,0,0,,0,0,0,,0,0,0,0,0,0,2024-08-07 06:53:30.701
0.0,47,1, 30091981,Y,,2014-02-26T11:18:13,2013-07-15T10:59:29,36000000.0,NPR,DLSTL (WITHIN TR),C,,0.0,DC15211,,,PRIYANKAS,30091981,DL1,,2014-09-30T00:00:00.000000,0,,DEEPAKA,0,N,0,,,,0,Y,2013-07-15T00:00:00.000000,36000000.0,0,,,0,,M,0,2013-07-14T00:00:00.000000,,CMC,BRAN,0,0,N,0,N,MIGMLM,,,2014-09-30T00:00:00.000000,Y,,N,DC14158,,,0,0,,0,,0.0,0,ROOT,,0,0,0,,0,0,0,,0,0,0,0,0,0,2024-08-07 06:53:30.701
0.0,28,1, 30091981,Y,REVOLVING,2014-02-26T11:18:27,2013-07-03T17:02:31,40000000.0,NPR,DLNPR,C,,0.0,DC14147,,,PRIYANKAS,30091981,DL,,2014-09-30T00:00:00.000000,0,,REEMAT,0,N,0,,,,0,Y,2013-07-03T00:00:00.000000,40000000.0,0,,,0,,M,0,2013-07-02T00:00:00.000000,,HBB,BRAN,0,0,N,0,N,MIGMLM,,,2014-09-30T00:00:00.000000,Y,,N,ROOT,,,0,0,,0,,0.0,0,ROOT,,0,0,0,,0,0,0,,0,0,0,0,0,0,2024-08-07 06:53:30.701
0.0,48,1, 30091981,Y,,2014-02-26T18:35:00.000000,2013-07-03T17:06:48,1826000.0,NPR,TR,C,,0.0,DC14152,,,PRIYANKAS,30091981,TR,,2013-10-10T00:00:00.000000,0,,AMITS,0,N,0,,,,0,Y,2013-07-03T00:00:00.000000,1826000.0,0,,,0,,M,0,2013-07-02T00:00:00.000000,,CMC,BRAN,0,0,N,0,N,MIGMLM,,,2013-10-10T00:00:00.000000,Y,,N,ROOT,,,0,0,,0,,0.0,0,ROOT,,0,0,0,,0,0,0,,0,0,0,0,0,0,2024-08-07 06:53:30.701
0.0,18,1, 30091981,Y,,2014-02-26T18:35:04,2013-07-03T17:24:13,36000000.0,NPR,IL (WITHIN TR),C,,0.0,DC14164,,,PRIYANKAS,30091981,IL,,2014-09-30T00:00:00.000000,0,,REEMAT,0,N,0,,,,0,Y,2013-07-03T00:00:00.000000,36000000.0,0,,,0,,M,0,2013-07-02T00:00:00.000000,,HBB,BRAN,0,0,N,0,N,MIGMLM,,,2014-09-30T00:00:00.000000,Y,,N,DC14158,,,0,0,,0,,0.0,0,ROOT,,0,0,0,,0,0,0,,0,0,0,0,0,0,2024-08-07 06:53:30.701
0.0,47,1, 30091981,Y,,2014-02-26T18:35:10,2013-07-03T17:15:08,36000000.0,NPR,TR1,C,,0.0,DC14158,,,PRIYANKAS,30091981,TR1,,2014-09-30T00:00:00.000000,0,,REEMAT,0,N,0,,,,0,Y,2013-07-03T00:00:00.000000,36000000.0,0,,,0,,M,0,2013-07-02T00:00:00.000000,,HBB,BRAN,0,0,N,0,N,MIGMLM,,,2014-09-30T00:00:00.000000,Y,,N,DC14144,,,0,0,,0,,0.0,0,ROOT,,0,0,0,,0,0,0,,0,0,0,0,0,0,2024-08-07 06:53:30.701
0.0,1586,1, 04006533,N,1 YR REVOLVING;,2014-05-28T13:43:53,2010-03-25T13:59:04,10000000.0,NPR,ODCOR,C,,0.0,DC5402,,,PRIYANKAS,01042452,OD,,2014-10-31T00:00:00.000000,1,,ASHOKT,0,N,0,,,,0,Y,2010-03-25T00:00:00.000000,10000000.0,0,,,0,,M,0,2010-03-24T00:00:00.000000,,CRCOM,CORP,0,0,N,0,N,MIGMLM,,,2014-10-31T00:00:00.000000,Y,,N,ROOT,,,0,0,,0,,0.0,0,ROOT,,0,0,0,,0,0,0,,0,0,0,0,0,0,2024-08-07 06:53:30.701
0.0,60,1, 04006533,N,,2014-05-28T14:49:05,2010-04-19T14:40:53,2625000.0,NPR,ALCOR,C,,0.0,DC5552,,,SAGARM,04006533,AL,,2015-05-12T00:00:00.000000,0,,AMITS,0,N,0,,,,0,Y,2010-04-19T00:00:00.000000,2625000.0,0,,,0,,M,0,2010-04-18T00:00:00.000000,,CRCOM,CORP,0,0,N,0,N,MIGMLM,,,2015-05-12T00:00:00.000000,Y,,N,DC31406,,,0,0,,0,,0.0,0,ROOT,,0,0,0,,0,0,0,,0,0,0,0,0,0,2024-08-07 06:53:30.701
0.0,8,1, 04006533,N,3YRS 9 MONTHS TERMINATING,2014-05-28T14:49:11,2014-04-10T14:58:24,27000000.0,NPR,TLFXD,C,,0.0,DC43661,,,SAGARM,04006533,TL1,,2018-01-30T00:00:00.000000,0,,JIRANB,0,N,0,,,,0,Y,2014-04-10T00:00:00.000000,27000000.0,0,,,0,,M,0,2014-04-09T00:00:00.000000,,CMC,BRAN,0,0,N,0,N,MIGMLM,,,2018-01-30T00:00:00.000000,Y,,Y,ROOT,,,0,0,,0,,27000000.0,0,ROOT,,0,0,0,,0,0,0,,0,0,0,0,0,0,2024-08-07 06:53:30.701
0.0,42,1, 04006533,N,,2014-05-28T14:49:16,2009-03-03T17:04:37,70000000.0,NPR,TERM LOAN,C,,0.0,DC2087,,,SAGARM,04006533,TL,,2015-03-31T00:00:00.000000,0,,BISHNUKG,0,N,0,,,,0,Y,2009-02-11T00:00:00.000000,70000000.0,0,,,0,,M,0,2009-03-02T00:00:00.000000,,HBB,BRAN,0,0,N,0,N,MIGMLM,,,2015-03-31T00:00:00.000000,Y,,N,DC31406,,,0,0,,0,,0.0,0,ROOT,,0,0,0,,0,0,0,,0,0,0,0,0,0,2024-08-07 06:53:30.701
0.0,100,1, 01014498,N,12 MONTH TERMINATING/ EXT APP,2014-08-15T10:15:47,2009-04-07T15:22:05,11900000.0,NPR,OD AGAINST SHARES,C,,0.0,DC2243,,,BASANTAG,01014498,OD,,2015-06-30T00:00:00.000000,2,,PUJANB,0,N,0,,,,0,Y,2011-06-07T00:00:00.000000,11900000.0,0,,,0,,M,0,2009-04-06T00:00:00.000000,,HBB,CORP,0,0,N,0,N,MIGMLM,,,2015-06-30T00:00:00.000000,Y,,N,ROOT,,,0,0,,0,,0.0,0,ROOT,,0,0,0,,0,0,0,,0,0,0,0,0,0,2024-08-07 06:53:30.701
0.0,62,1, 01014498,N,SETTLED,2015-10-11T15:48:49,2012-04-12T16:16:39,2538066.0,NPR,ERODL,C,,0.0,DC9761,,,PRAMILAS,01014498,OD1,,2013-12-30T00:00:00.000000,1,,PRIYANKAS,0,N,0,,,,0,Y,2012-04-12T00:00:00.000000,2538066.0,0,,,0,,M,0,2012-04-11T00:00:00.000000,,HBB,CORP,0,0,N,0,N,MIGMLM,,,2013-12-30T00:00:00.000000,Y,,N,DC35509,,,0,0,,0,,0.0,0,ROOT,,0,0,0,,0,0,0,,0,0,0,0,0,0,2024-08-07 06:53:30.701
0.0,1140,1, 04006533,N,180 DAYS REVOLVING; I - 11% ON FD,2016-03-24T16:17:08,2009-02-26T14:43:53,27000000.0,NPR,DEMAND LOAN,C,,0.0,DC2063,,,LD0389,04006533,DL,,2014-10-31T00:00:00.000000,0,,BISHNUKG,0,N,0,,,,0,Y,2009-02-26T00:00:00.000000,27000000.0,0,,,0,,M,0,2009-02-25T00:00:00.000000,,CRCOM,CORP,0,0,N,0,N,MIGMLM,,,2014-10-31T00:00:00.000000,Y,,N,DC31406,,,0,0,,0,,0.0,0,ROOT,,0,0,0,,0,0,0,,0,0,0,0,0,0,2024-08-07 06:53:30.701
0.0,8,1, 15483718,N,TERMINATING/SETTLED,2017-06-29T13:22:08,2016-11-07T13:51:23,500000.0,NPR,DMGLD,C,,0.0,DC119303,,,AA1034,15483718,DL,,2017-11-07T00:00:00.000000,0,,SA1251,0,N,0,,,,0,Y,2016-11-07T00:00:00.000000,500000.0,0,,,0,,M,0,2016-11-06T00:00:00.000000,,CMC,BRAN,0,0,N,0,N,MIGMLM,,,2017-11-07T00:00:00.000000,Y,,Y,DC119304,,,0,0,,0,,500000.0,0,ROOT,,0,0,0,,0,0,0,,0,0,0,0,0,0,2024-08-07 06:53:30.701
0.0,2037,1, 01001079,N,,2018-04-26T18:29:31,2008-09-09T18:09:15,13500000.0,NPR,OD,C,,0.0,DC1121,,,SS1112,01001079,OD,,2012-03-31T00:00:00.000000,1,,BISHNUKG,0,N,0,,,,0,Y,2008-09-09T00:00:00.000000,13500000.0,0,,,0,,M,0,2008-09-08T00:00:00.000000,,HBB,CORP,0,0,N,0,N,MIGMLM,,,2012-03-31T00:00:00.000000,Y,,N,DC45809,,,0,0,,0,,0.0,0,ROOT,,0,0,0,,0,0,0,,0,0,0,0,0,0,2024-08-07 06:53:30.701
0.0,12,1, 01001079,N,180 DAYS TERMINATING,2018-04-26T18:29:32,2011-01-14T16:34:52,8000000.0,NPR,DLCOR,C,,0.0,DC7148,,,SS1112,01001079,DL,,2012-04-14T00:00:00.000000,2,,SAGARM,0,N,0,,,,0,Y,2011-10-17T00:00:00.000000,8000000.0,0,,,0,,M,0,2011-01-13T00:00:00.000000,,HBB,CORP,0,0,N,0,N,MIGMLM,,,2012-04-14T00:00:00.000000,Y,,N,DC45809,,,0,0,,0,,0.0,0,ROOT,,0,0,0,,0,0,0,,0,0,0,0,0,0,2024-08-07 06:53:30.701
0.0,770,1, 01001079,N,,2018-05-29T18:54:22,2008-09-12T12:41:13,64450000.0,NPR,EQCOR,C,,0.0,DC1152,,,SA2378,01001079,EF,,2013-09-12T00:00:00.000000,0,,BISHNUKG,0,N,0,,,,0,Y,2008-09-11T00:00:00.000000,64450000.0,0,,,0,,M,0,2008-09-11T00:00:00.000000,,HBB,BRAN,0,0,N,0,N,MIGMLM,,,2013-09-12T00:00:00.000000,Y,,N,DC45809,,,0,0,,0,,0.0,0,ROOT,,0,0,0,,0,0,0,,0,0,0,0,0,0,2024-08-07 06:53:30.701
0.0,46,1, 09403211,N,1 YEAR MORATORIUM PLUS 7 YEARS,2018-05-30T19:07:31,2016-03-24T13:06:32,180000000.0,NPR,TLFXD,C,,0.0,DC90640,,,REEMAT,09403211,TL,,2023-10-13T00:00:00.000000,0,,SA1002,0,N,0,,,,0,Y,2016-03-24T00:00:00.000000,180000000.0,0,,,0,,M,0,2016-03-23T00:00:00.000000,,CMC,BRAN,0,0,N,0,N,MIGMLM,,,2023-10-13T00:00:00.000000,Y,,N,DC87080,,,0,0,,0,,0.0,0,ROOT,,0,0,0,,0,0,0,,0,0,0,0,0,0,2024-08-07 06:53:30.701
0.0,83,1, 09403211,N,"1 YR REV, 5000K>DLBDG",2018-05-30T19:07:31,2017-07-03T16:50:44,5000000.0,NPR,CACOP,C,,0.0,DC150474,,,REEMAT,09403211,OD,,2018-03-31T00:00:00.000000,1,,AS1199,0,N,0,,,,0,Y,2017-07-03T00:00:00.000000,5000000.0,0,,,0,,M,0,2017-07-02T00:00:00.000000,,CMC,BRAN,0,0,N,0,N,MIGMLM,,,2018-03-31T00:00:00.000000,Y,,N,DC87083,,,0,0,,0,,0.0,0,ROOT,,0,0,0,,0,0,0,,0,0,0,0,0,0,2024-08-07 06:53:30.701
0.0,36,1, 09403211,N,"@12% P.A. 120 DAYS TERMINATING, 5000K<OD, 15000K<TS",2018-05-31T16:29:29,2017-07-03T14:16:56,20000000.0,NPR,DLBDG,C,,0.0,DC150415,,,SA2378,09403211,DL,,2017-10-31T00:00:00.000000,0,,AS1199,0,N,0,,,,0,Y,2017-07-03T00:00:00.000000,20000000.0,0,,,0,,M,0,2017-07-02T00:00:00.000000,,CMC,BRAN,0,0,N,0,N,MIGMLM,,,2017-10-31T00:00:00.000000,Y,,N,DC87083,,,0,0,,0,,0.0,0,ROOT,,0,0,0,,0,0,0,,0,0,0,0,0,0,2024-08-07 06:53:30.701
0.0,22,1, 09403211,N,"1 YR REV,",2018-05-31T16:47:41,2017-07-03T16:51:43,15000000.0,NPR,DLSTL,C,,0.0,DC150476,,,SA2378,09403211,TS,,2018-03-31T00:00:00.000000,0,,AS1199,0,N,0,,,,0,Y,2017-07-03T00:00:00.000000,15000000.0,0,,,0,,M,0,2017-07-02T00:00:00.000000,,CMC,BRAN,0,0,N,0,N,MIGMLM,,,2018-03-31T00:00:00.000000,Y,,N,DC87083,,,0,0,,0,,0.0,0,ROOT,,0,0,0,,0,0,0,,0,0,0,0,0,0,2024-08-07 06:53:30.701
0.0,31,1, 02103112,N,5 YEARS TERMINATING 8.%P.A.,2019-10-15T20:30:43,2015-01-05T14:18:18,28000000.0,NPR,TLFXD,C,,0.0,DC65385,,,KM3569,02103112,TL,,2021-07-15T00:00:00.000000,0,,TR0612,0,N,0,0.0, ,0.0,0,Y,2016-07-06T00:00:00.000000,28000000.0,0,,,0,,M,0,2015-01-04T00:00:00.000000,,CMC,BRAN,0,0,N,0,N,MIGMLM,,,2021-07-15T00:00:00.000000,Y, ,N,ROOT,,,0,0,,0, ,0.0,0,ROOT,,0,0,0,,0,0,0,0.0,0,0,0,0,0,0,2024-08-07 06:53:30.701
0.0,64,1, 02103112,N,"11.75%, 90 DAYS TERMINATING, 90%",2020-09-09T11:04:16,2017-06-16T16:40:58,27000000.0,NPR,ADHOC TR3,C,,0.0,DC148070,,,SK1789,02103112,TRA06,,2017-09-14T00:00:00.000000,0,,KB0570,0,N,0,0.0, ,0.0,0,Y,2017-06-16T00:00:00.000000,27000000.0,0,,,0,,M,0,2017-06-15T00:00:00.000000,,CMC,BRAN,0,0,N,0,N,MIGMLM,,,2017-09-14T00:00:00.000000,Y, ,Y,DC35917,,,0,0,,0, ,25848000.0,0,ROOT,,0,0,0,,0,0,0,0.0,0,0,0,0,0,0,2024-08-07 06:53:30.701
0.0,14,1, 02103112,N,90DAYS TERM @ 13% P.A.,2020-09-09T11:04:16,2017-08-03T12:29:46,21700000.0,NPR,BRIDGE GAP LOAN ADHOC,C,,0.0,DC157100,,,SK1789,02103112,SLA04,,2017-11-01T00:00:00.000000,0,,RM1118,0,N,0,0.0, ,0.0,0,Y,2017-08-03T00:00:00.000000,21700000.0,0,,,0,,M,0,2017-08-02T00:00:00.000000,,CMC,BRAN,0,0,N,0,N,MIGMLM,,,2017-11-01T00:00:00.000000,Y, ,N,DC131984,,,0,0,,0, ,0.0,0,ROOT,,0,0,0,,0,0,0,0.0,0,0,0,0,0,0,2024-08-07 06:53:30.701
0.0,16,1, 02103112,N,10.5% P.A. 5 YRS TERM,2020-09-09T11:04:16,2017-11-27T12:34:26,40000000.0,NPR,FTL WITHIN LCA05,C,,0.0,DC187605,,,SK1789,02103112,TL2,,2023-01-01T00:00:00.000000,0,,RM1118,0,N,0,0.0, ,0.0,0,Y,2017-11-27T00:00:00.000000,40000000.0,0,,,0,,M,0,2017-11-26T00:00:00.000000,,CMC,BRAN,0,0,N,0,N,MIGMLM,,,2023-01-01T00:00:00.000000,Y, ,N,DC135732,,,0,0,,0, ,0.0,0,ROOT,,0,0,0,,0,0,0,0.0,0,0,0,0,0,0,2024-08-07 06:53:30.701
0.0,4989,1, 02103112,N,"REVIEW,12.75",2020-09-09T11:04:16,2013-07-03T14:31:11,10000000.0,NPR,ODCOR,C,,0.0,DC13999,,,SK1789,02103112,OD,,2019-08-31T00:00:00.000000,1,,BASANTAG,0,N,0,0.0, ,0.0,0,Y,2013-07-03T00:00:00.000000,10000000.0,0,,,0,,M,0,2013-07-02T00:00:00.000000,,CMC,BRAN,0,0,N,0,N,MIGMLM,,,2019-08-31T00:00:00.000000,Y, ,N,DC35917,,,0,0,,0, ,0.0,0,ROOT,,0,0,0,,0,0,0,0.0,0,0,0,0,0,0,2024-08-07 06:53:30.701
0.0,375,1, 02103112,N,"10.5%; 90 DAYS REVOLVING,",2020-09-09T11:04:16,2013-07-03T14:35:16,40000000.0,NPR,DLSTL,C,,0.0,DC14001,,,SK1789,02103112,DL,,2019-08-31T00:00:00.000000,0,,BASANTAG,0,N,0,0.0, ,0.0,0,Y,2013-07-03T00:00:00.000000,40000000.0,0,,,0,,M,0,2013-07-02T00:00:00.000000,,CMC,BRAN,0,0,N,0,N,MIGMLM,,,2019-08-31T00:00:00.000000,Y, ,N,DC13998,,,0,0,,0, ,0.0,0,ROOT,,0,0,0,,0,0,0,0.0,0,0,0,0,0,0,2024-08-07 06:53:30.701
0.0,33,1, 02103112,N,120 DAYS TERMINATING;10.00%,2020-09-09T11:04:16,2014-02-10T14:51:17,11200000.0,NPR,BRIDGE GAP LOAN,C,,0.0,DC34116,,,SK1789,02103112,DL1,,2014-07-12T00:00:00.000000,0,,BASANTAG,0,N,0,0.0, ,0.0,0,Y,2014-03-14T00:00:00.000000,11200000.0,0,,,0,,M,0,2014-02-09T00:00:00.000000,,CMC,BRAN,0,0,N,0,N,MIGMLM,,,2014-07-12T00:00:00.000000,Y, ,Y,DC35917,,,0,0,,0, ,7878000.0,0,ROOT,,0,0,0,,0,0,0,0.0,0,0,0,0,0,0,2024-08-07 06:53:30.701
0.0,33,1, 02103112,N,90 DAYS TERMINATING,2020-09-09T11:04:16,2014-01-19T12:02:15,6750000.0,NPR,TR-ADHOC,C,,0.0,DC33288,,,SK1789,02103112,TR1,,2014-04-19T00:00:00.000000,0,,BASANTAG,0,N,0,0.0, ,0.0,0,Y,2014-01-19T00:00:00.000000,6750000.0,0,,,0,,M,0,2014-01-18T00:00:00.000000,,CMC,BRAN,0,0,N,0,N,MIGMLM,,,2014-04-19T00:00:00.000000,Y, ,Y,DC33287,,,0,0,,0, ,6730000.0,0,ROOT,,0,0,0,,0,0,0,0.0,0,0,0,0,0,0,2024-08-07 06:53:30.701
0.0,36,1, 02103112,N,120 DAYS TERMINATING; 9%,2020-09-09T11:04:16,2014-06-09T14:34:15,12420000.0,NPR,TR ADHOC-2,C,,0.0,DC51035,,,SK1789,02103112,TRA02,,2014-10-07T00:00:00.000000,0,,BASANTAG,0,N,0,0.0, ,0.0,0,Y,2014-06-09T00:00:00.000000,12420000.0,0,,,0,,M,0,2014-06-08T00:00:00.000000,,CMC,BRAN,0,0,N,0,N,MIGMLM,,,2014-10-07T00:00:00.000000,Y, ,Y,DC51034,,,0,0,,0, ,9927000.0,0,ROOT,,0,0,0,,0,0,0,0.0,0,0,0,0,0,0,2024-08-07 06:53:30.701
0.0,22,1, 02103112,N,5 YEARS TERMINATING,2020-09-09T11:04:16,2015-06-10T14:42:06,28000000.0,NPR,TLFXD,C,,0.0,DC74442,,,SK1789,02103112,TL1,,2020-11-09T00:00:00.000000,0,,SA1002,0,N,0,0.0, ,0.0,0,Y,2015-06-10T00:00:00.000000,28000000.0,0,,,0,,M,0,2015-06-09T00:00:00.000000,,CMC,BRAN,0,0,N,0,N,MIGMLM,,,2020-11-09T00:00:00.000000,Y, ,Y,DC35917,,,0,0,,0, ,4744000.0,0,ROOT,,0,0,0,,0,0,0,0.0,0,0,0,0,0,0,2024-08-07 06:53:30.701
0.0,48,1, 02103112,N,@11.5%P.A. 90 DAYS TERMINATING,2020-09-09T11:04:16,2017-02-19T15:38:53,22050000.0,NPR,ADHOC TR,C,,0.0,DC135733,,,SK1789,02103112,TRA05,,2017-05-20T00:00:00.000000,0,,AS1199,0,N,0,0.0, ,0.0,0,Y,2017-02-19T00:00:00.000000,22050000.0,0,,,0,,M,0,2017-02-18T00:00:00.000000,,CMC,BRAN,0,0,N,0,N,MIGMLM,,,2017-05-20T00:00:00.000000,Y, ,N,DC35917,,,0,0,,0, ,0.0,0,ROOT,,0,0,0,,0,0,0,0.0,0,0,0,0,0,0,2024-08-07 06:53:30.701
0.0,38,1, 02103112,N,90DAYS @ 12% P.A.,2020-09-09T11:04:16,2017-02-10T15:40:16,19800000.0,NPR,ADHOC TR,C,,0.0,DC134728,,,SK1789,02103112,TRA04,,2017-05-11T00:00:00.000000,0,,RM1118,0,N,0,0.0, ,0.0,0,Y,2017-02-10T00:00:00.000000,19800000.0,0,,,0,,M,0,2017-02-09T00:00:00.000000,,CMC,BRAN,0,0,N,0,N,MIGMLM,,,2017-05-11T00:00:00.000000,Y, ,N,DC131984,,,0,0,,0, ,0.0,0,ROOT,,0,0,0,,0,0,0,0.0,0,0,0,0,0,0,2024-08-07 06:53:30.701
0.0,40,1, 22133142,N,120DAYS TERM @ 7.5% P.A.,2020-11-02T14:28:08,2016-07-17T16:09:47,7910000.0,NPR,ADHOC,C,,0.0,DC106220,,,PRAMILAS,22133142,SLA01,,2016-11-14T00:00:00.000000,0,,RM1118,0,N,0,0.0, ,0.0,0,Y,2016-07-17T00:00:00.000000,7910000.0,0,,,0,,M,0,2016-07-16T00:00:00.000000,,CMC,BRAN,0,0,N,0,N,MIGMLM,,,2016-11-14T00:00:00.000000,Y, ,N,DC106219,,,0,0,,0, ,0.0,0,ROOT,,0,0,0,,0,0,0,0.0,0,0,0,0,0,0,2024-08-07 06:53:30.701
0.0,37,1, 22133142,N,,2020-11-02T14:28:08,2013-09-11T13:21:04,10000000.0,NPR,TLFXD,C,,0.0,DC19139,,,PRAMILAS,22133142,TL,,2018-02-15T00:00:00.000000,0,,TINAS,0,N,0,0.0, ,0.0,0,Y,2013-04-21T00:00:00.000000,10000000.0,0,,,0,,M,0,2013-09-10T00:00:00.000000,,CMC,BRAN,0,0,N,0,N,MIGMLM,,,2018-02-15T00:00:00.000000,Y, ,Y,DC49056,,,0,0,,0, ,9464819.34,0,ROOT,,0,0,0,,0,0,0,0.0,0,0,0,0,0,0,2024-08-07 06:53:30.701
0.0,60,1, 22133142,N,,2020-11-02T14:28:08,2013-09-11T13:17:50,1755000.0,NPR,ALCRP,C,,0.0,DC19135,,,PRAMILAS,22133142,AL1,,2017-09-01T00:00:00.000000,0,,TINAS,0,N,0,0.0, ,0.0,0,Y,2012-09-17T00:00:00.000000,1755000.0,0,,,0,,M,0,2013-09-10T00:00:00.000000,,CMC,BRAN,0,0,N,0,N,MIGMLM,,,2017-09-01T00:00:00.000000,Y, ,Y,DC49056,,,0,0,,0, ,1680571.41,0,ROOT,,0,0,0,,0,0,0,0.0,0,0,0,0,0,0,2024-08-07 06:53:30.701
0.0,88,1, 22133142,N,9% P.A. W.E.F 02-04-2016,2020-11-02T14:28:08,2013-09-11T13:16:47,1100000.0,NPR,ALCRP,C,,0.0,DC19133,,,PRAMILAS,22133142,AL,,2018-01-01T00:00:00.000000,0,,TINAS,0,N,0,0.0, ,0.0,0,Y,2013-01-14T00:00:00.000000,1100000.0,0,,,0,,M,0,2013-09-10T00:00:00.000000,,CMC,BRAN,0,0,N,0,N,MIGMLM,,,2018-01-01T00:00:00.000000,Y, ,Y,DC49056,,,0,0,,0, ,981011.03,0,ROOT,,0,0,0,,0,0,0,0.0,0,0,0,0,0,0,2024-08-07 06:53:30.701
0.0,65,1, 22133142,N,"REVOLVING, EXT APP MEMO:48576",2020-11-02T14:28:08,2013-07-03T13:20:36,10000000.0,NPR,DLNPR,C,,0.0,DC13963,,,PRAMILAS,22133142,DL,,2015-11-30T00:00:00.000000,0,,SAGARM,0,N,0,0.0, ,0.0,0,Y,2013-07-03T00:00:00.000000,10000000.0,0,,,0,,M,0,2013-07-02T00:00:00.000000,,HBB,BRAN,0,0,N,0,N,MIGMLM,,,2015-11-30T00:00:00.000000,Y, ,N,DC49056,,,0,0,,0, ,0.0,0,ROOT,,0,0,0,,0,0,0,0.0,0,0,0,0,0,0,2024-08-07 06:53:30.701
0.0,23,1, 22133142,N,15% P.A. 60 DAYS TERM,2020-11-02T14:28:08,2017-04-12T19:04:53,4500000.0,NPR,ADHOC,C,,0.0,DC140489,,,PRAMILAS,22133142,SLA02,,2017-06-11T00:00:00.000000,0,,RM1118,0,N,0,0.0, ,0.0,0,Y,2017-04-12T00:00:00.000000,4500000.0,0,,,0,,M,0,2017-04-11T00:00:00.000000,,CMC,BRAN,0,0,N,0,N,MIGMLM,,,2017-06-11T00:00:00.000000,Y, ,N,DC106219,,,0,0,,0, ,0.0,0,ROOT,,0,0,0,,0,0,0,0.0,0,0,0,0,0,0,2024-08-07 06:53:30.701
0.0,1452,1, 22133142,N,REVIEW TILL 15TH SHRAWAN,2020-11-02T14:28:24,2013-09-11T13:19:58,1000000.0,NPR,ODBUS,C,,0.0,DC19137,,,PRAMILAS,22133142,OD,,2020-10-31T00:00:00.000000,1,,TINAS,0,N,0,3.0, ,0.0,0,Y,2006-06-13T00:00:00.000000,1000000.0,0,,,0,,M,0,2013-09-10T00:00:00.000000,,CMC,BRAN,0,0,N,0,N,MIGMLM,,,2020-10-31T00:00:00.000000,Y, ,N,DC49056,,,0,0,,0, ,0.0,0,ROOT,,0,0,0,,0,0,0,0.0,0,0,0,0,0,0,2024-08-07 06:53:30.701
0.0,45,1, 22133142,N,RENEW,2020-11-02T14:32:36,2018-04-24T15:03:50,4000000.0,NPR,DLNPR,C,,0.0,DC218004,,,SR2288,22133142,DL1,,2020-10-31T00:00:00.000000,0,,SK1789,0,N,0,3.0, ,0.0,0,Y,2018-04-24T00:00:00.000000,4000000.0,0,,,0,,M,0,2018-04-23T00:00:00.000000,,CMC,BRAN,0,0,N,0,N,MIGMLM,,,2020-10-31T00:00:00.000000,Y, ,N,DC49056,,,0,0,,0, ,0.0,0,ROOT,,0,0,0,,0,0,0,0.0,0,0,0,0,0,0,2024-08-07 06:53:30.701
0.0,37,1, 22133142,N,24 EQI @ 14.5% P.A.,2020-11-02T14:32:43,2017-11-30T17:09:25,3325000.0,NPR,TLCOR,C,,0.0,DC189286,,,SR2288,22133142,TL1,,2023-12-01T00:00:00.000000,0,,RM1118,0,N,0,0.0, ,0.0,0,Y,2017-12-28T00:00:00.000000,3325000.0,0,,,0,,M,0,2017-11-29T00:00:00.000000,,CMC,BRAN,0,0,N,0,N,MIGMLM,,,2023-12-01T00:00:00.000000,Y, ,N,ROOT,,,0,0,,0, ,0.0,0,ROOT,,0,0,0,,0,0,0,0.0,0,0,0,0,0,0,2024-08-07 06:53:30.701
0.0,25,1, 22133473,N,50% DOC. VALUE/ 120 DAYS/ 9.5% INT./ WITHIN LCA01,2020-11-02T14:48:36,2014-07-14T12:14:03,1400000.0,NPR,ADHOC TR,C,,0.0,DC54127,,,SR2288,22133473,TRA01,,2014-11-11T00:00:00.000000,0,,REEMAT,0,N,0,0.0, ,0.0,0,Y,2014-07-14T00:00:00.000000,1400000.0,0,,,0,,M,0,2014-07-13T00:00:00.000000,,CMC,BRAN,0,0,N,0,N,MIGMLM,,,2014-11-11T00:00:00.000000,Y, ,N,DC54126,,,0,0,,0, ,0.0,0,ROOT,,0,0,0,,0,0,0,0.0,0,0,0,0,0,0,2024-08-07 06:53:30.701
0.0,26,1, 22133473,N,TERMINATING,2020-11-02T14:48:36,2013-10-28T20:52:07,10000000.0,NPR,STL-ADHOC,C,,0.0,DC30483,,,SR2288,22133473,TS,,2013-06-02T00:00:00.000000,0,,DHRUBAM,0,N,0,0.0, ,0.0,0,Y,2013-04-03T00:00:00.000000,10000000.0,0,,,0,,M,0,2013-10-27T00:00:00.000000,,CMC,BRAN,0,0,N,0,N,MIGMLM,,,2013-06-02T00:00:00.000000,Y, ,Y,DC49062,,,0,0,,0, ,9208423.48,0,ROOT,,0,0,0,,0,0,0,0.0,0,0,0,0,0,0,2024-08-07 06:53:30.701
0.0,874,1, 22133473,N,SETTLED,2020-11-02T14:48:57,2013-09-10T17:19:42,1000000.0,NPR,ODBUS,C,,0.0,DC19020,,,SR2288,22133473,OD,,2020-10-31T00:00:00.000000,1,,PRATINAP,0,N,0,3.0, ,0.0,0,Y,2010-08-18T00:00:00.000000,1000000.0,0,,,0,,M,0,2013-09-09T00:00:00.000000,,CMC,BRAN,0,0,N,0,N,MIGMLM,,,2020-10-31T00:00:00.000000,Y, ,N,DC49064,,,0,0,,0, ,0.0,0,ROOT,,0,0,0,,0,0,0,0.0,0,0,0,0,0,0,2024-08-07 06:53:30.701
0.0,93,1, 22133473,N,SETTLED,2020-11-02T14:49:37,2013-07-04T11:51:25,19000000.0,NPR,DLMSE,C,,0.0,DC14339,,,SR2288,22133473,DL,,2020-10-31T00:00:00.000000,0,,BINAYAG,0,N,0,3.0, ,0.0,0,Y,2013-07-04T00:00:00.000000,19000000.0,0,,,0,,M,0,2013-07-03T00:00:00.000000,,HBB,BRAN,0,0,N,0,N,MIGMLM,,,2020-10-31T00:00:00.000000,Y, ,N,DC49062,,,0,0,,0, ,0.0,0,ROOT,,0,0,0,,0,0,0,0.0,0,0,0,0,0,0,2024-08-07 06:53:30.701
0.0,42,1,CC4439,N,SETTLED,2021-11-18T17:44:38,2019-02-14T10:34:47,0.01,NPR,TLEBL,C,,0.0,DC291602,,,PK1265,C00004439,TL,,2034-02-12T00:00:00.000000,0,,AS2195,0,N,0,1.0, ,0.0,0,Y,2019-02-14T00:00:00.000000,0.01,0,,,0,,M,0,2019-02-13T00:00:00.000000,,CMC,BRAN,0,0,N,0,N,MIGMLM,,,2034-02-12T00:00:00.000000,N, ,Y,DC291600,,,0,0,,0, ,7500000.0,0,ROOT,,0,0,0,,0,0,0,0.0,0,0,0,0,0,0,2024-08-07 06:53:30.701
0.0,71,1, 66368828,N,SETTLED,2022-02-01T14:47:43,2016-12-14T17:10:18,0.01,NPR,ALNRS,C,,0.0,DC125476,,,ST1903,66368828,AL,,2024-01-01T00:00:00.000000,0,,AA1034,0,N,0,0.0, ,0.0,0,Y,2016-12-14T00:00:00.000000,0.01,0,,,0,,M,0,2016-12-13T00:00:00.000000,,CMC,BRAN,0,0,N,0,N,MIGMLM,,,2024-01-01T00:00:00.000000,Y, ,Y,DC75357,,,0,0,,0, ,3660000.0,0,ROOT,,0,0,0,,0,0,0,0.0,0,0,0,0,0,0,2024-08-07 06:53:30.701
0.0,35,1, 09128392,N,,2022-04-25T14:51:44,2013-10-08T13:09:56,0.01,NPR,TLDEP,C,,0.0,DC30028,,,MM1102,09128392,TL,,2018-10-20T00:00:00.000000,0,,DHRUBAM,0,N,0,0.0, ,0.0,0,Y,2013-10-08T00:00:00.000000,0.01,0,,,0,,M,0,2013-10-07T00:00:00.000000,,CMC,BRAN,0,0,N,0,N,MIGMLM,,,2018-10-20T00:00:00.000000,Y, ,N,DC37588,,,0,0,,0, ,0.0,0,ROOT,,0,0,0,,0,0,0,0.0,0,0,0,0,0,0,2024-08-07 06:53:30.701
0.0,30,1, 09128392,N,5 YEAR TER,2022-04-25T14:51:55,2015-03-31T13:29:08,0.01,NPR,TLDEP,C,,0.0,DC71211,,,MM1102,09128392,TL1,,2020-04-20T00:00:00.000000,0,,SA1002,0,N,0,0.0, ,0.0,0,Y,2015-03-31T00:00:00.000000,0.01,0,,,0,,M,0,2015-03-30T00:00:00.000000,,CMC,BRAN,0,0,N,0,N,MIGMLM,,,2020-04-20T00:00:00.000000,Y, ,Y,DC37588,,,0,0,,0, ,25000000.0,0,ROOT,,0,0,0,,0,0,0,0.0,0,0,0,0,0,0,2024-08-07 06:53:30.701
0.0,29,1, 09128392,N,5 YEARS TERMINATING,2022-04-25T14:52:03,2015-06-19T11:08:15,0.01,NPR,TLDEP,C,,0.0,DC74993,,,MM1102,09128392,TL2,,2020-07-20T00:00:00.000000,0,,SA1002,0,N,0,0.0, ,0.0,0,Y,2015-06-19T00:00:00.000000,0.01,0,,,0,,M,0,2015-06-18T00:00:00.000000,,CMC,BRAN,0,0,N,0,N,MIGMLM,,,2020-07-20T00:00:00.000000,Y, ,Y,DC37588,,,0,0,,0, ,25000000.0,0,ROOT,,0,0,0,,0,0,0,0.0,0,0,0,0,0,0,2024-08-07 06:53:30.701
0.0,46,1,RC134230,N,REALIGN OD INTO TL,2022-05-05T22:48:44,2021-02-11T22:13:18,0.01,NPR,SCGOD,C,,0.0,DC493318,,,MM1102,R00134245,OD,,2023-02-10T00:00:00.000000,1,,SK4627,0,N,0,1.0, ,0.0,0,Y,2021-02-11T00:00:00.000000,0.01,0,,,0,,M,0,2021-02-10T00:00:00.000000,,,,0,0,N,0,N,MIGMLM,,,2023-02-10T00:00:00.000000,N, ,N,DC493317,,,0,0,,0, ,0.0,0,ROOT,,0,0,0,,0,0,0,0.0,0,0,0,0,0,0,2024-08-07 06:53:30.701
0.0,194,1,RC1116517,N,REALIGNMENT AND SETTLED,2022-05-10T19:25:26,2021-02-16T18:23:42,0.01,NPR,SCGOD,C,,0.0,DC495603,,,PK1265,R01116404,OD,,2022-04-15T00:00:00.000000,1,,DP3715,0,N,0,1.0, ,0.0,0,Y,2021-02-16T00:00:00.000000,0.01,0,,,0,,M,0,2021-02-15T00:00:00.000000,,,,0,0,N,0,N,MIGMLM,,,2022-04-15T00:00:00.000000,N, ,Y,DC495602,,,0,0,,0, ,0.0,0,ROOT,,0,0,0,,0,0,0,0.0,0,0,0,0,0,0,2024-08-07 06:53:30.701
0.0,124,1,RC545103,N,REALIGN TO TL,2022-05-27T21:33:19,2019-10-01T11:46:58,0.01,NPR,NAOVD,C,,0.0,DC339161,,,FIVUSR,R00545118,OD,,2022-09-26T00:00:00.000000,1,,KS2280,0,N,0,2.0, ,0.0,0,Y,2019-10-01T00:00:00.000000,0.01,0,,,0,,M,0,2019-09-30T00:00:00.000000,,COSPO,BRAN,0,0,N,0,N,MIGMLM,,,2022-09-26T00:00:00.000000,N, ,N,DC339158,,,0,0,,0, ,0.0,0,ROOT,,0,0,0,,0,0,0,0.0,0,0,0,0,0,0,2024-08-07 06:53:30.701
0.0,2524,1, 23114400,N,REVOLVING 8%P.A.,2022-08-03T10:55:59,2013-07-05T16:10:47,0.01,NPR,CACOP-2M,C,,0.0,DC14795,,,MM1102,23114400,OD,,2099-09-30T00:00:00.000000,1,,PRIYANKAS,0,N,0,0.0, ,0.0,0,Y,2013-07-05T00:00:00.000000,0.01,0,,,0,,M,0,2013-07-04T00:00:00.000000,,CMC,BRAN,0,0,N,0,N,MIGMLM,,,2099-09-30T00:00:00.000000,Y, ,N,DC56924,,,0,0,,0, ,0.0,0,ROOT,,0,0,0,,0,0,0,0.0,0,0,0,0,0,0,2024-08-07 06:53:30.701
0.0,283,1, 23114400,N,,2022-08-03T10:56:03,2013-07-03T16:39:40,0.01,NPR,10M,C,,0.0,DC14113,,,MM1102,23114400,DL,,2017-08-31T00:00:00.000000,0,,BINAYAG,0,N,0,0.0, ,0.0,0,Y,2013-07-03T00:00:00.000000,0.01,0,,,0,,M,0,2013-07-02T00:00:00.000000,,CMC,BRAN,0,0,N,0,N,MIGMLM,,,2017-08-31T00:00:00.000000,Y, ,N,DC56924,,,0,0,,0, ,0.0,0,ROOT,,0,0,0,,0,0,0,0.0,0,0,0,0,0,0,2024-08-07 06:53:30.701
0.0,498,1, 23114400,N,.120 DAYS REV,2022-08-03T10:56:10,2014-08-26T14:59:44,0.01,NPR,DLSTL-35M,C,,0.0,DC56838,,,MM1102,23114400,TS,,2018-09-30T00:00:00.000000,0,,SAGARM,0,N,0,0.0, ,0.0,0,Y,2014-08-26T00:00:00.000000,0.01,0,,,0,,M,0,2014-08-25T00:00:00.000000,,CMC,BRAN,0,0,N,0,N,MIGMLM,,,2018-09-30T00:00:00.000000,Y, ,N,DC56924,,,0,0,,0, ,0.0,0,ROOT,,0,0,0,,0,0,0,0.0,0,0,0,0,0,0,2024-08-07 06:53:30.701
0.0,34,1, 23114400,N,,2022-08-03T10:56:15,2017-08-03T15:48:50,0.01,NPR,ADHOC STL1- DLSTL,C,,0.0,DC157186,,,MM1102,23114400,SLA01,,2018-07-28T00:00:00.000000,0,,RM1118,0,N,0,0.0, ,0.0,0,Y,2018-03-30T00:00:00.000000,0.01,0,,,0,,M,0,2017-08-02T00:00:00.000000,,CMC,BRAN,0,0,N,0,N,MIGMLM,,,2018-07-28T00:00:00.000000,Y, ,Y,DC56924,,,0,0,,0, ,18000000.0,0,ROOT,,0,0,0,,0,0,0,0.0,0,0,0,0,0,0,2024-08-07 06:53:30.701
0.0,28,1, 23114400,N,,2022-08-03T10:56:20,2017-09-25T15:33:56,0.01,NPR,ADHOC STL2- DLSTL,C,,0.0,DC170660,,,MM1102,23114400,SLA02,,2018-07-27T00:00:00.000000,0,,RM1118,0,N,0,0.0, ,0.0,0,Y,2018-03-30T00:00:00.000000,0.01,0,,,0,,M,0,2017-09-24T00:00:00.000000,,CMC,BRAN,0,0,N,0,N,MIGMLM,,,2018-07-27T00:00:00.000000,Y, ,N,DC56924,,,0,0,,0, ,0.0,0,ROOT,,0,0,0,,0,0,0,0.0,0,0,0,0,0,0,2024-08-07 06:53:30.701
0.0,22,1, 23114400,N,,2022-08-03T10:56:23,2017-11-01T17:50:02,0.01,NPR,ADHOC,C,,0.0,DC178031,,,MM1102,23114400,SLA03,,2018-03-01T00:00:00.000000,0,,RM1118,0,N,0,0.0, ,0.0,0,Y,2017-11-01T00:00:00.000000,0.01,0,,,0,,M,0,2017-10-31T00:00:00.000000,,CMC,BRAN,0,0,N,0,N,MIGMLM,,,2018-03-01T00:00:00.000000,Y, ,N,DC56924,,,0,0,,0, ,0.0,0,ROOT,,0,0,0,,0,0,0,0.0,0,0,0,0,0,0,2024-08-07 06:53:30.701
0.0,15,1, 23114400,N,,2022-08-03T10:56:29,2017-11-16T18:16:06,0.01,NPR,ADHOC,C,,0.0,DC183553,,,MM1102,23114400,SLA04,,2018-03-16T00:00:00.000000,0,,SS1112,0,N,0,0.0, ,0.0,0,Y,2017-11-16T00:00:00.000000,0.01,0,,,0,,M,0,2017-11-15T00:00:00.000000,,CMC,BRAN,0,0,N,0,N,MIGMLM,,,2018-03-16T00:00:00.000000,Y, ,Y,DC56924,,,0,0,,0, ,7000000.0,0,ROOT,,0,0,0,,0,0,0,0.0,0,0,0,0,0,0,2024-08-07 06:53:30.701
0.0,12,1, 23114400,N,,2022-08-03T10:56:34,2018-03-30T13:58:39,0.01,NPR,ADHOC STL3/ DLSTL,C,,0.0,DC212558,,,MM1102,23114400,SLA05,,2018-07-28T00:00:00.000000,0,,REEMAT,0,N,0,0.0, ,0.0,0,Y,2018-03-30T00:00:00.000000,0.01,0,,,0,,M,0,2018-03-29T00:00:00.000000,,CMC,BRAN,0,0,N,0,N,MIGMLM,,,2018-07-28T00:00:00.000000,Y, ,Y,DC56924,,,0,0,,0, ,2500000.0,0,ROOT,,0,0,0,,0,0,0,0.0,0,0,0,0,0,0,2024-08-07 06:53:30.701
0.0,52,1, 23114400,N,90 DAYS. 6% 1.1M < GDPL,2022-08-03T10:56:48,2015-06-16T11:49:35,0.01,NPR,ADHOC STL,C,,0.0,DC74748,,,MM1102,23114400,SLE01,,2016-11-20T00:00:00.000000,0,,RM1118,0,N,0,0.0, ,0.0,0,Y,2016-08-22T00:00:00.000000,0.01,0,,,0,,M,0,2015-06-15T00:00:00.000000,,CMC,BRAN,0,0,N,0,N,MIGMLM,,,2016-11-20T00:00:00.000000,Y, ,N,DC56924,,,0,0,,0, ,0.0,0,ROOT,,0,0,0,,0,0,0,0.0,0,0,0,0,0,0,2024-08-07 06:53:30.701
0.0,410,1, 23114400,N,"120 DAYS REV,",2022-08-03T10:57:04,2013-07-11T12:44:07,0.01,NPR,TR-18M,C,,0.0,DC15012,,,MM1102,23114400,TR,,2019-01-09T00:00:00.000000,0,,SAGARM,0,N,0,1.0, ,0.0,0,Y,2013-07-11T00:00:00.000000,0.01,0,,,0,,M,0,2013-07-10T00:00:00.000000,,CMC,BRAN,0,0,N,0,N,MIGMLM,,,2019-01-09T00:00:00.000000,Y, ,N,ROOT,,,0,0,,0, ,0.0,0,ROOT,,0,0,0,,0,0,0,0.0,0,0,0,0,0,0,2024-08-07 06:53:30.701
0.0,347,1, 23114400,N,@0.05%P.Q. 120 DAYS REV,2022-08-03T10:57:04,2013-07-11T12:42:56,0.01,NPR,LC-20M,C,,0.0,DC15011,,,MM1102,23114400,LC,,2018-09-30T00:00:00.000000,20,,SAGARM,0,N,0,0.0, ,0.0,0,Y,2013-07-11T00:00:00.000000,0.01,0,,,0,,M,0,2013-07-10T00:00:00.000000,,CMC,BRAN,0,0,N,0,N,MIGMLM,,,2018-09-30T00:00:00.000000,Y, ,N,DC56924,,,0,0,,0, ,0.0,0,ROOT,,0,0,0,,0,0,0,0.0,0,0,0,0,0,0,2024-08-07 06:53:30.701
0.0,34,1, 23114400,N,11% P.A. 5 YRS TERMINATING,2022-08-03T11:01:28,2017-07-12T12:36:10,0.01,NPR,ETLCR,C,,0.0,DC152586,,,MM1102,23114400,TL,,2022-08-01T00:00:00.000000,0,,RM1118,0,N,0,0.0, ,0.0,0,Y,2017-07-12T00:00:00.000000,0.01,0,,,0,,M,0,2017-07-11T00:00:00.000000,,CMC,BRAN,0,0,N,0,N,MIGMLM,,,2022-08-01T00:00:00.000000,Y, ,Y,DC56924,,,0,0,,0, ,1723945.0,0,ROOT,,0,0,0,,0,0,0,0.0,0,0,0,0,0,0,2024-08-07 06:53:30.701
0.0,16,1, 23114400,N,"11%,",2022-08-03T11:01:32,2018-09-11T14:03:16,0.01,NPR,DLSTL-ADHOC WITHI TR,C,,0.0,DC259292,,,MM1102,23114400,SLA06,,2019-01-09T00:00:00.000000,0,,SS1112,0,N,0,0.0, ,0.0,0,Y,2018-09-11T00:00:00.000000,0.01,0,,,0,,M,0,2018-09-10T00:00:00.000000,,CMC,BRAN,0,0,N,0,N,MIGMLM,,,2019-01-09T00:00:00.000000,Y, ,N,DC15012,,,0,0,,0, ,0.0,0,ROOT,,0,0,0,,0,0,0,0.0,0,0,0,0,0,0,2024-08-07 06:53:30.701
0.0,60,1,CC38861,N,RENEWAL,2022-12-07T11:34:03,2020-11-13T16:58:12,0.01,NPR,SCQOD,C,,0.0,DC438523,,,JB1528,C00038863,OD,,2022-11-11T00:00:00.000000,1,,AB3570,0,N,0,1.0, ,0.0,0,Y,2020-11-13T00:00:00.000000,0.01,0,,,0,,M,0,2020-11-12T00:00:00.000000,,BM,BRAN,0,0,N,0,N,MIGMLM,,,2022-11-11T00:00:00.000000,N, ,N,DC438522,,,0,0,,0, ,0.0,0,ROOT,,0,0,0,,0,0,0,0.0,0,0,0,0,0,0,2024-08-07 06:53:30.701
0.0,12,1,CC38861,N,DL,2022-12-07T11:34:40,2022-10-18T01:49:53,0.01,NPR,EBLDQ,C,,0.0,DC659345,,,JB1528,C00038863,DL,,2022-11-11T00:00:00.000000,0,,FIVUSR,0,N,0,0.0, ,0.0,0,Y,2022-10-17T00:00:00.000000,0.01,0,,,0,,M,0,2022-10-16T00:00:00.000000,,BM,BRAN,0,0,N,0,N,MIGMLM,,,2022-11-11T00:00:00.000000,N, ,Y,DC438522,,,0,0,,0, ,400000.0,0,ROOT,,0,0,0,,0,0,0,0.0,0,0,0,0,0,0,2024-08-07 06:53:30.701
0.0,1190,1, 02103112,N,"120DAYS REVOLVING,REN",2023-04-24T16:38:51,2013-07-03T14:30:36,90000000.0,NPR,TR (WITHIN LC),C,,0.0,DC13998,,,AS3589,02103112,TR,,2019-08-31T00:00:00.000000,1,,BASANTAG,0,N,0,0.0, ,0.0,0,Y,2013-07-03T00:00:00.000000,90000000.0,0,,,0,,M,0,2013-07-02T00:00:00.000000,,HBB,BRAN,0,0,N,0,N,MIGMLM,,,2019-08-31T00:00:00.000000,Y, ,N,DC13997,,,0,0,,0, ,0.0,0,ROOT,,0,0,0,,0,0,0,0.0,0,0,0,0,0,0,2024-08-07 06:53:30.701
0.0,22,1, 57501498,N,5YRS,2023-07-06T17:51:23,2018-09-09T19:24:32,0.01,NPR,TLDEP,C,,0.0,DC258528,,,KS2280,57501498,TL2,,2023-11-01T00:00:00.000000,0,,SK1234,0,N,0,0.0, ,0.0,0,Y,2018-09-09T00:00:00.000000,0.01,0,,,0,,M,0,2018-09-08T00:00:00.000000,,CMC,BRAN,0,0,N,0,N,MIGMLM,,,2023-11-01T00:00:00.000000,Y, ,Y,DC183510,,,0,0,,0, ,100000000.0,0,ROOT,,0,0,0,,0,0,0,0.0,0,0,0,0,0,0,2024-08-07 06:53:30.701
0.0,26,1, 57501498,N,"11.5% , 5YRS",2023-07-06T17:51:23,2017-11-16T17:36:26,0.01,NPR,TLDEP,C,,0.0,DC183518,,,KS2280,57501498,TL,,2023-02-01T00:00:00.000000,0,,SS1112,0,N,0,0.0, ,0.0,0,Y,2017-11-16T00:00:00.000000,0.01,0,,,0,,M,0,2017-11-15T00:00:00.000000,,CMC,BRAN,0,0,N,0,N,MIGMLM,,,2023-02-01T00:00:00.000000,Y, ,Y,DC183510,,,0,0,,0, ,20000000.0,0,ROOT,,0,0,0,,0,0,0,0.0,0,0,0,0,0,0,2024-08-07 06:53:30.701
0.0,24,1, 57501498,N,"13.75%, 5YRS",2023-07-06T17:51:23,2018-06-11T19:25:18,0.01,NPR,TLDEP-30M,C,,0.0,DC233275,,,KS2280,57501498,TL1,,2023-08-01T00:00:00.000000,0,,SS1112,0,N,0,0.0, ,0.0,0,Y,2018-06-11T00:00:00.000000,0.01,0,,,0,,M,0,2018-06-10T00:00:00.000000,,CMC,BRAN,0,0,N,0,N,MIGMLM,,,2023-08-01T00:00:00.000000,Y, ,N,DC183510,,,0,0,,0, ,0.0,0,ROOT,,0,0,0,,0,0,0,0.0,0,0,0,0,0,0,2024-08-07 06:53:30.701
0.0,30,1, 57501498,N,REVOLVING 9.62%,2023-07-06T17:53:02,2019-09-27T14:18:49,0.01,NPR,DLDEP,C,,0.0,DC338747,,,KS2280,57501498,DL1,,2021-03-20T00:00:00.000000,0,,DP3715,0,N,0,3.0, ,0.0,0,Y,2019-09-27T00:00:00.000000,0.01,0,,,0,,M,0,2019-09-26T00:00:00.000000,,CMC,BRAN,0,0,N,0,N,MIGMLM,,,2021-03-20T00:00:00.000000,N, ,N,DC183513,,,0,0,,0, ,0.0,0,ROOT,,0,0,0,,0,0,0,0.0,0,0,0,0,0,0,2024-08-07 06:53:30.701
0.0,19,1, 57501498,N,REVOLVING 9.62%,2023-07-06T17:53:02,2020-02-27T17:34:04,0.01,NPR,DLDEP,C,,0.0,DC365253,,,KS2280,57501498,DL3,,2021-03-20T00:00:00.000000,0,,DP3715,0,N,0,1.0, ,0.0,0,Y,2020-02-27T00:00:00.000000,0.01,0,,,0,,M,0,2020-02-26T00:00:00.000000,,CMC,BRAN,0,0,N,0,N,MIGMLM,,,2021-03-20T00:00:00.000000,N, ,N,DC183513,,,0,0,,0, ,0.0,0,ROOT,,0,0,0,,0,0,0,0.0,0,0,0,0,0,0,2024-08-07 06:53:30.701
0.0,19,1, 57501498,N,REVOLVING 9.62%,2023-07-06T17:53:02,2020-02-27T17:35:32,0.01,NPR,DLDEP,C,,0.0,DC365255,,,KS2280,57501498,DL5,,2021-03-20T00:00:00.000000,1,,DP3715,0,N,0,1.0, ,0.0,0,Y,2020-02-27T00:00:00.000000,0.01,0,,,0,,M,0,2020-02-26T00:00:00.000000,,CMC,BRAN,0,0,N,0,N,MIGMLM,,,2021-03-20T00:00:00.000000,N, ,N,DC183513,,,0,0,,0, ,0.0,0,ROOT,,0,0,0,,0,0,0,0.0,0,0,0,0,0,0,2024-08-07 06:53:30.701
0.0,20,1, 57501498,N,REVOLVING 9.62%,2023-07-06T17:53:02,2020-02-27T17:34:54,0.01,NPR,DLDEP,C,,0.0,DC365254,,,KS2280,57501498,DL4,,2021-03-20T00:00:00.000000,0,,DP3715,0,N,0,1.0, ,0.0,0,Y,2020-02-27T00:00:00.000000,0.01,0,,,0,,M,0,2020-02-26T00:00:00.000000,,CMC,BRAN,0,0,N,0,N,MIGMLM,,,2021-03-20T00:00:00.000000,N, ,N,DC183513,,,0,0,,0, ,0.0,0,ROOT,,0,0,0,,0,0,0,0.0,0,0,0,0,0,0,2024-08-07 06:53:30.701
0.0,29,1, 57501498,N,REVOLVING 9.62%,2023-07-06T17:53:02,2019-12-11T17:49:00.000000,0.01,NPR,DLDEP,C,,0.0,DC346145,,,KS2280,57501498,DL2,,2021-03-20T00:00:00.000000,0,,DP3715,0,N,0,3.0, ,0.0,0,Y,2019-12-11T00:00:00.000000,0.01,0,,,0,,M,0,2019-12-10T00:00:00.000000,,CMC,BRAN,0,0,N,0,N,MIGMLM,,,2021-03-20T00:00:00.000000,N, ,N,DC183513,,,0,0,,0, ,0.0,0,ROOT,,0,0,0,,0,0,0,0.0,0,0,0,0,0,0,2024-08-07 06:53:30.701
0.0,17,1, 57501498,N,8.25%,2023-07-06T17:53:02,2020-07-23T19:16:22,0.01,NPR,DLDEP,C,,0.0,DC393228,,,KS2280,57501498,DL6,,2021-03-20T00:00:00.000000,0,,DP3715,0,N,0,2.0, ,0.0,0,Y,2020-07-23T00:00:00.000000,0.01,0,,,0,,M,0,2020-07-22T00:00:00.000000,,CMC,BRAN,0,0,N,0,N,MIGMLM,,,2021-03-20T00:00:00.000000,N, ,N,DC183513,,,0,0,,0, ,0.0,0,ROOT,,0,0,0,,0,0,0,0.0,0,0,0,0,0,0,2024-08-07 06:53:30.701
0.0,56,1, 57501498,N,RENEW 6.69%,2023-07-06T17:53:02,2019-08-11T12:15:43,0.01,NPR,DLDEP,C,,0.0,DC324319,,,KS2280,57501498,DL,,2022-02-18T00:00:00.000000,0,,DP3715,0,N,0,4.0, ,0.0,0,Y,2019-08-11T00:00:00.000000,0.01,0,,,0,,M,0,2019-08-10T00:00:00.000000,,CMC,BRAN,0,0,N,0,N,MIGMLM,,,2022-02-18T00:00:00.000000,N, ,N,DC183513,,,0,0,,0, ,0.0,0,ROOT,,0,0,0,,0,0,0,0.0,0,0,0,0,0,0,2024-08-07 06:53:30.701
0.0,13,1, 57501498,N,,2023-07-06T17:53:02,2021-03-25T19:38:58,0.01,NPR,DLDEP,C,,0.0,DC521460,,,KS2280,57501498,DL7,,2022-02-18T00:00:00.000000,0,,PP4360,0,N,0,1.0, ,0.0,0,Y,2021-03-25T00:00:00.000000,0.01,0,,,0,,M,0,2021-03-24T00:00:00.000000,,,,0,0,N,0,N,MIGMLM,,,2022-02-18T00:00:00.000000,N, ,N,DC183513,,,0,0,,0, ,0.0,0,ROOT,,0,0,0,,0,0,0,0.0,0,0,0,0,0,0,2024-08-07 06:53:30.701
0.0,68,1, 57501498,N,REVOLVING/SETTLED,2023-07-06T17:53:24,2022-04-05T22:29:40,0.01,NPR,DLDEP,C,,0.0,DC608179,,,KS2280,57501498,DL8,,2023-04-14T00:00:00.000000,0,,SN3568,0,N,0,0.0, ,0.0,0,Y,2022-07-14T00:00:00.000000,0.01,0,,,0,,M,0,2022-04-04T00:00:00.000000,,MCC,BRAN,0,0,N,0,N,MIGMLM,,,2023-04-14T00:00:00.000000,N, ,N,DC183513,,,0,0,,0, ,0.0,0,ROOT,,0,0,0,,0,0,0,0.0,0,0,0,0,0,0,2024-08-07 06:53:30.701
0.0,46,1,I40510833,N,"14%,5YEARS",2023-07-14T13:40:47,2018-05-08T16:51:53,0.01,NPR,TLDEP,C,,0.0,DC220834,,,SK4366,I40510833,TL,,2023-05-01T00:00:00.000000,0,,AS2195,0,N,0,0.0, ,0.0,0,Y,2018-05-08T00:00:00.000000,0.01,0,,,0,,M,0,2018-05-07T00:00:00.000000,,MCC,BRAN,0,0,N,0,N,MIGMLM,,,2023-05-01T00:00:00.000000,Y, ,Y,DC220832,,,0,0,,0, ,100000000.0,0,ROOT,,0,0,0,,0,0,0,0.0,0,0,0,0,0,0,2024-08-07 06:53:30.701
0.0,40,1,I40510833,N,RENEWED/RED BY 40M,2023-07-14T13:40:52,2022-09-06T18:33:42,0.01,NPR,DLDEP,C,,0.0,DC648724,,,SK4366,I40510833,DL,,2023-05-03T00:00:00.000000,0,,AS3589,0,N,0,0.0, ,0.0,0,Y,2022-09-06T00:00:00.000000,0.01,0,,OCAS_320182,0,,M,0,2022-09-05T00:00:00.000000,,MCC,BRAN,0,0,N,0,N,MIGMLM,,,2023-05-03T00:00:00.000000,N, ,N,DC220832,,,0,0,,0, ,0.0,0,ROOT,,0,0,0,,0,0,0,0.0,0,0,0,0,0,0,2024-08-07 06:53:30.701
0.0,29,1,RC1516270,N,SETTLED,2023-07-18T12:09:15,2022-09-29T12:11:12,0.01,NPR,DLFDM,C,,0.0,DC653084,,,NP6927,R01516157,DL,,2023-09-27T00:00:00.000000,0,,SK4366,0,N,0,0.0, ,0.0,0,Y,2022-09-29T00:00:00.000000,0.01,0,,SCC,0,,M,0,2022-09-28T00:00:00.000000,,BM,BRAN,0,0,N,0,N,MIGMLM,,,2023-09-27T00:00:00.000000,N, ,N,DC653079,,,0,0,,0, ,0.0,0,ROOT,,0,0,0,,0,0,0,0.0,0,0,0,0,0,0,2024-08-07 06:53:30.701
0.0,61,1,CC58909,N,REALIGN TO CASH CREDIT,2023-10-09T19:42:50,2021-09-17T12:54:29,0.01,NPR,PBLOQ,C,,0.01,DC584089,,,FIVUSR,C00058395,OD,,2023-09-11T00:00:00.000000,1,,DP3715,0,N,0,1.0, ,0.0,0,Y,2021-09-17T00:00:00.000000,0.01,0,,,0,,E,0,2021-09-16T00:00:00.000000,,COPO,BRAN,0,0,N,0,N,MIGMLM,,,2023-09-11T00:00:00.000000,N, ,N,DC584088,,,0,0,,0, ,0.0,0,ROOT,,0,0,0,,0,0,0,0.0,0,0,0,0,0,0,2024-08-07 06:53:30.701
2300000.0,3,1,CC58909,N,revolving,2023-10-09T19:42:50,2023-10-09T19:42:47,2300000.0,NPR,Cash Credit Limit,C,,2300000.0,DC739988,,,FIVUSR,C00058395,CCL,,2024-09-11T00:00:00.000000,1,,FIVUSR,0,N,0,0.0, ,0.0,0,Y,2023-10-09T00:00:00.000000,2300000.0,0,,,0,,E,0,2023-10-08T00:00:00.000000,,COPO,BRAN,0,0,N,0,N,MIGMLM,,,2024-09-11T00:00:00.000000,N, ,N,DC584088,,,0,0,,0, ,0.0,0,ROOT,,0,0,0,,0,0,0,0.0,0,0,0,0,0,0,2024-08-07 06:53:30.701
0.0,823,1,CC33935,N,REVOLVING,2023-10-20T17:42:22,2020-07-17T14:11:11,0.01,NPR,SBLOD,C,,0.01,DC389867,,,FIVUSR,C00033937,OD,,2023-10-10T00:00:00.000000,1,,KM3569,0,N,0,3.0, ,0.0,0,Y,2022-06-21T00:00:00.000000,0.01,0,,,0,,E,0,2020-07-16T00:00:00.000000,,COPO,BRAN,0,0,N,0,N,MIGMLM,,,2023-10-10T00:00:00.000000,N, ,N,DC389864,,,0,0,,0, ,0.0,0,ROOT,,0,0,0,,0,0,0,0.0,0,0,0,0,0,0,2024-08-07 06:53:30.701
9700000.0,3,1,CC33935,N,REVOLVING,2023-10-20T17:42:22,2023-10-20T17:42:21,9700000.0,NPR,Cash Credit-CCSBM,C,,9700000.0,DC745012,,,FIVUSR,C00033937,CCL,,2024-10-10T00:00:00.000000,1,,FIVUSR,0,N,0,0.0, ,0.0,0,Y,2023-10-20T00:00:00.000000,9700000.0,0,,,0,,E,0,2023-10-19T00:00:00.000000,,COPO,BRAN,0,0,N,0,N,MIGMLM,,,2024-10-10T00:00:00.000000,N, ,N,DC389864,,,0,0,,0, ,0.0,0,ROOT,,0,0,0,,0,0,0,0.0,0,0,0,0,0,0,2024-08-07 06:53:30.701
0.0,14,1,CC33935,N,REVOLVING,2023-10-20T17:43:10,2022-06-21T16:25:25,0.01,NPR,SBLDL,C,,0.01,DC640250,,,SYSTEM,C00033937,DL,,2023-10-10T00:00:00.000000,1,,SK4366,0,N,0,1.0, ,0.0,0,Y,2022-06-21T00:00:00.000000,0.01,0,,SCC,0,,E,0,2022-06-20T00:00:00.000000,,COPO,BRAN,0,0,N,0,N,MIGMLM,,,2023-10-10T00:00:00.000000,N, ,Y,DC389864,,,0,0,,0, ,9400000.0,0,ROOT,,0,0,0,,0,0,0,0.0,0,0,0,0,0,0,2024-08-07 06:53:30.701
0.0,229,1,RC1084483,N,REVOLVING,2023-10-20T19:21:41,2021-01-21T19:25:26,4950000.0,NPR,PLOVD,C,,4950000.0,DC477465,,,FIVUSR,R01084371,OD,,2024-10-18T00:00:00.000000,1,,NA2503,0,N,0,0.0, ,0.0,0,Y,2021-01-21T00:00:00.000000,4950000.0,0,,,0,,E,0,2021-01-20T00:00:00.000000,,BM,BRAN,0,0,N,0,N,MIGMLM,,,2024-10-18T00:00:00.000000,N, ,N,DC477463,,,0,0,,0, ,0.0,0,ROOT,,0,0,0,,0,0,0,0.0,0,0,0,0,0,0,2024-08-07 06:53:30.701
3400000.0,3,1,CC83645,N,REVOLVING,2023-12-08T20:08:01,2023-12-08T20:08:01,3400000.0,NPR,Cash Credit -CCEBM,C,,3400000.0,DC753608,,,FIVUSR,C00082152,CCL,,2024-11-29T00:00:00.000000,1,,FIVUSR,0,N,0,0.0, ,0.0,0,Y,2023-12-08T00:00:00.000000,3400000.0,0,,,0,,E,0,2023-12-07T00:00:00.000000,,BM,BRAN,0,0,N,0,N,MIGMLM,,,2024-11-29T00:00:00.000000,N, ,N,DC690293,,,0,0,,0, ,0.0,0,ROOT,,0,0,0,,0,0,0,0.0,0,0,0,0,0,0,2024-08-07 06:53:30.701
0.0,8,1,CC83645,N,REALIGN TO CC,2023-12-08T20:08:15,2023-02-16T13:15:02,0.01,NPR,DL,C,,0.01,DC690294,,,SYSTEM,C00082152,DL,,2023-11-29T00:00:00.000000,1,,FIVUSR,0,N,0,0.0, ,0.0,0,Y,2023-02-16T00:00:00.000000,0.01,0,,,0,,E,0,2023-02-15T00:00:00.000000,,BM,BRAN,0,0,N,0,N,MIGMLM,,,2023-11-29T00:00:00.000000,N, ,N,DC690293,,,0,0,,0, ,0.0,0,ROOT,,0,0,0,,0,0,0,0.0,0,0,0,0,0,0,2024-08-07 06:53:30.701
0.0,31,1,CC4454,N,15 YRS TERMINATING,2023-12-11T17:41:02,2019-03-27T17:28:13,0.01,NPR,TLEBL,C,,0.0,DC296574,,,FIVUSR,C00004454,TL,,2034-04-12T00:00:00.000000,0,,SK1789,0,N,0,1.0, ,0.0,0,Y,2019-03-27T00:00:00.000000,0.01,0,,,0,,M,0,2019-03-26T00:00:00.000000,,CMC,BRAN,0,0,N,0,N,MIGMLM,,,2034-04-12T00:00:00.000000,N, ,Y,DC296572,,,0,0,,0, ,2100000.0,0,ROOT,,0,0,0,,0,0,0,0.0,0,0,0,0,0,0,2024-08-07 06:53:30.701
0.0,15,1,CC4454,N,120 DAYS TERMINATING,2023-12-11T17:41:02,2021-04-05T15:29:42,0.01,NPR,DL-ADHOC,C,,0.0,DC527095,,,FIVUSR,C00004454,DL,,2021-08-03T00:00:00.000000,0,,PP4360,0,N,0,1.0, ,0.0,0,Y,2021-04-05T00:00:00.000000,0.01,0,,,0,,M,0,2021-04-04T00:00:00.000000,,,,0,0,N,0,N,MIGMLM,,,2021-08-03T00:00:00.000000,N, ,Y,DC296573,,,0,0,,0, ,500000.0,0,ROOT,,0,0,0,,0,0,0,0.0,0,0,0,0,0,0,2024-08-07 06:53:30.701
0.0,257,1,CC4454,N,REALIGN TO CC,2023-12-11T17:41:04,2020-11-13T17:47:29,0.01,NPR,PBLOD,C,,0.01,DC438601,,,FIVUSR,C00004454,OD,,2023-11-12T00:00:00.000000,1,,DP3715,0,N,0,0.0, ,0.0,0,Y,2020-11-13T00:00:00.000000,0.01,0,,,0,,E,0,2020-11-12T00:00:00.000000,,BM,BRAN,0,0,N,0,N,MIGMLM,,,2023-11-12T00:00:00.000000,N, ,N,DC296573,,,0,0,,0, ,0.0,0,ROOT,,0,0,0,,0,0,0,0.0,0,0,0,0,0,0,2024-08-07 06:53:30.701
0.0,365,1, 15189814,N,REALIGNMENT,2023-12-29T19:14:45,2020-12-07T14:30:20,0.01,NPR,NAOVD,C,,0.0,DC451637,,,AK3586,15189814,OD,,2022-11-30T00:00:00.000000,1,,SK4366,0,N,0,1.0, ,0.0,0,Y,2020-12-07T00:00:00.000000,0.01,0,,SCC,0,,M,0,2020-12-06T00:00:00.000000,,BM,BRAN,0,0,N,0,N,MIGMLM,,,2022-11-30T00:00:00.000000,N, ,N,DC250817,,,0,0,,0, ,0.0,0,ROOT,,0,0,0,,0,0,0,0.0,0,0,0,0,0,0,2024-08-07 06:53:30.701
0.0,93,1, 15189814,N,10 YEARS TERMINATING RED BY 945K,2023-12-29T19:14:45,2018-08-16T18:17:52,0.01,NPR,HLEQF,C,,0.0,DC250816,,,AK3586,15189814,HL,,2028-08-12T00:00:00.000000,0,,ST1903,0,N,0,0.0, ,0.0,0,Y,2018-08-16T00:00:00.000000,0.01,0,,,0,,M,0,2018-08-15T00:00:00.000000,,CMC,BRAN,0,0,N,0,N,MIGMLM,,,2028-08-12T00:00:00.000000,Y, ,Y,DC250817,,,0,0,,0, ,2000000.0,0,ROOT,,0,0,0,,0,0,0,0.0,0,0,0,0,0,0,2024-08-07 06:53:30.701
1500000.0,22,1,RC772026,N,REVOLVING,2024-01-08T18:43:32,2021-08-01T19:13:39,1500000.0,NPR,DLCAL,C,,1500000.0,DC553985,,,SYSTEM,R00771966,DL,,2024-11-20T00:00:00.000000,3,,AK3586,0,N,0,0.0, ,0.0,0,Y,2022-08-23T00:00:00.000000,1500000.0,0,,OCAS_315778,0,,E,0,2021-07-31T00:00:00.000000,,BM,BRAN,0,0,N,0,N,MIGMLM,,,2024-11-20T00:00:00.000000,N, ,N,DC553981,,,0,0,,0, ,0.0,0,ROOT,,0,0,0,,0,0,0,0.0,0,0,0,0,0,0,2024-08-07 06:53:30.701
0.0,15,1, 01082803,N,SETTLED,2024-03-26T15:11:42,2023-03-13T21:13:44,0.01,NPR,DLFDM,C,,0.0,DC697063,,,SK1789,R01082803,DL,,2024-03-13T00:00:00.000000,0,,FIVUSR,0,N,0,0.0, ,0.0,0,Y,2023-03-13T00:00:00.000000,0.01,0,,,0,,M,0,2023-03-12T00:00:00.000000,,MCC,BRAN,0,0,N,0,N,MIGMLM,,,2024-03-13T00:00:00.000000,N, ,N,DC697062,,,0,0,,0, ,0.0,0,ROOT,,0,0,0,,0,0,0,0.0,0,0,0,0,0,0,2024-08-07 06:53:30.701
0.0,11,1, 01082803,N,SETTLED,2024-03-26T15:11:51,2024-02-04T11:12:17,0.01,NPR,DEMAND LOAN-1,C,,0.0,DC777319,,,SK1789,R01082803,DL1,,2025-01-02T00:00:00.000000,0,,FIVUSR,0,N,0,0.0, ,0.0,0,Y,2024-02-04T00:00:00.000000,0.01,0,,,0,,M,0,2024-02-03T00:00:00.000000,,MCC,BRAN,0,0,N,0,N,MIGMLM,,,2025-01-02T00:00:00.000000,N, ,N,DC697062,,,0,0,,0, ,0.0,0,ROOT,,0,0,0,,0,0,0,0.0,0,0,0,0,0,0,2024-08-07 06:53:30.701
0.0,21,1,CC36461,N,RENEWED,2024-05-22T11:43:34,2020-10-09T13:44:54,0.01,NPR,SCQDL,C,,0.01,DC422861,,,BB3618,C00036463,DL,,2023-09-30T00:00:00.000000,0,,SK1789,0,N,0,3.0, ,0.0,0,Y,2020-10-09T00:00:00.000000,0.01,0,,,0,,E,0,2020-10-08T00:00:00.000000,,BM,BRAN,0,0,N,0,N,MIGMLM,,,2023-09-30T00:00:00.000000,N, ,Y,DC419157,,,0,0,,0, ,2000000.0,0,ROOT,,0,0,0,,0,0,0,0.0,0,0,0,0,0,0,2024-08-07 06:53:30.701
0.0,928,1,CC36461,N,RENEWED,2024-05-22T11:43:34,2020-10-04T09:58:26,0.01,NPR,SCQOD,C,,0.01,DC419159,,,BB3618,C00036463,OD,,2023-09-30T00:00:00.000000,1,,AB3570,0,N,0,2.0, ,0.0,0,Y,2020-10-04T00:00:00.000000,0.01,0,,,0,,E,0,2020-10-03T00:00:00.000000,,BM,BRAN,0,0,N,0,N,MIGMLM,,,2023-09-30T00:00:00.000000,N, ,Y,DC419157,,,0,0,,0, ,39744657.31,0,ROOT,,0,0,0,,0,0,0,0.0,0,0,0,0,0,0,2024-08-07 06:53:30.701
3000000.0,8,1,CC36461,N,RENEWAL WITH REALIGNMENT,2024-05-22T11:43:40,2023-10-12T13:54:23,3000000.0,NPR,CCSBQ,C,,3000000.0,DC741054,,,BB3618,C00036463,CCL,,2024-09-30T00:00:00.000000,1,,FIVUSR,0,N,0,0.0, ,0.0,0,Y,2023-10-12T00:00:00.000000,3000000.0,0,,,0,,E,0,2023-10-11T00:00:00.000000,,BM,BRAN,0,0,N,0,N,MIGMLM,,,2024-09-30T00:00:00.000000,N, ,N,DC419157,,,0,0,,0, ,0.0,0,ROOT,,0,0,0,,0,0,0,0.0,0,0,0,0,0,0,2024-08-07 06:53:30.701
970837.26,23,1,RC1009835,N,HOME LOAN,2024-06-19T12:59:35,2022-12-26T16:52:03,1000000.0,NPR,NARHL,C,,1000000.0,DC669651,,,SYSTEM,R01009724,HL,,2048-01-01T00:00:00.000000,1,,FIVUSR,0,N,0,0.0, ,0.0,0,Y,2022-12-26T00:00:00.000000,1000000.0,0,,,0,,E,0,2022-12-25T00:00:00.000000,,BM,BRAN,0,0,N,0,N,MIGMLM,,,2048-01-01T00:00:00.000000,N, ,Y,DC462232,,,0,0,,0, ,1000000.0,0,ROOT,,0,0,0,,0,0,0,0.0,0,0,0,0,0,0,2024-08-07 06:53:30.701
4500000.0,5,1,CC4454,N,REVOLVING,2024-06-26T18:38:48,2023-12-11T17:41:03,4500000.0,NPR,CCSBM,C,,4500000.0,DC754576,,,FIVUSR,C00004454,CCL,,2025-04-17T00:00:00.000000,1,,FIVUSR,0,N,0,0.0, ,0.0,0,Y,2023-12-11T00:00:00.000000,4500000.0,0,,,0,,E,0,2023-12-10T00:00:00.000000,,BM,BRAN,0,0,N,0,N,MIGMLM,,,2025-04-17T00:00:00.000000,N, ,N,DC296573,,,0,0,,0, ,0.0,0,ROOT,,0,0,0,,0,0,0,0.0,0,0,0,0,0,0,2024-08-07 06:53:30.701
1879496.59,50,1,RC1166941,N,8 YRS TERMINATING,2024-07-01T23:21:41,2021-04-28T16:02:59,2700000.0,NPR,SCGTL,C,,2700000.0,DC538603,,,SYSTEM,R01166828,TL,,2029-05-01T00:00:00.000000,1,,SK4627,0,N,0,0.0, ,0.0,0,Y,2021-04-28T00:00:00.000000,2700000.0,0,,,0,,E,0,2021-04-27T00:00:00.000000,,,,0,0,N,0,N,MIGMLM,,,2029-05-01T00:00:00.000000,N, ,Y,DC538601,,,0,0,,0, ,2700000.0,0,ROOT,,0,0,0,,0,0,0,0.0,0,0,0,0,0,0,2024-08-07 06:53:30.701
204283.29,119,1, 47430440,N,7 YRS TERMINATING,2024-07-01T23:57:31,2016-07-05T10:18:06,1190000.0,NPR,ALNRS,C,,1190000.0,DC104446,,,SYSTEM,47430440,AL,,2023-07-01T00:00:00.000000,1,,MS0999,0,N,0,0.0, ,0.0,0,Y,2016-07-05T00:00:00.000000,1190000.0,0,,,0,,E,0,2016-07-04T00:00:00.000000,,CMC,BRAN,0,0,N,0,N,MIGMLM,,,2023-07-01T00:00:00.000000,Y, ,Y,DC104447,,,0,0,,0, ,1190000.0,0,ROOT,,0,0,0,,0,0,0,0.0,0,0,0,0,0,0,2024-08-07 06:53:30.701
4903788.09,31,1,RC1116517,N,25 YRS TERMINATING,2024-07-02T13:30:24,2022-05-10T15:48:34,4995000.0,NPR,NAETL,C,,4995000.0,DC618476,,,SYSTEM,R01116404,TL,,2047-05-01T00:00:00.000000,1,,SM5493,0,N,0,1.0, ,0.0,0,Y,2022-05-10T00:00:00.000000,4995000.0,0,,OCAS-291917,0,,E,0,2022-05-09T00:00:00.000000,,BM,BRAN,0,0,N,0,N,MIGMLM,,,2047-05-01T00:00:00.000000,N, ,Y,DC495602,,,0,0,,0, ,4995000.0,0,ROOT,,0,0,0,,0,0,0,0.0,0,0,0,0,0,0,2024-08-07 06:53:30.701
1854331.69,52,1, 15189814,N,TERMINATION ON 25 YRS/RED BY 513K,2024-07-03T13:02:25,2020-08-16T12:09:21,1941500.0,NPR,NAETL,C,,1941500.0,DC404526,,,SYSTEM,15189814,TL,,2045-09-01T00:00:00.000000,1,,AS3589,0,N,0,1.0, ,0.0,0,Y,2020-08-16T00:00:00.000000,1941500.0,0,,,0,,E,0,2020-08-15T00:00:00.000000,,BM,BRAN,0,0,N,0,N,MIGMLM,,,2045-09-01T00:00:00.000000,N, ,Y,DC250817,,,0,0,,0, ,2500000.0,0,ROOT,,0,0,0,,0,0,0,0.0,0,0,0,0,0,0,2024-08-07 06:53:30.701
741598.49,38,1, 15189814,N,15 YRS/RED BY 557K,2024-07-03T13:02:48,2022-05-24T18:42:01,794420.0,NPR,NAETL,C,,794420.0,DC626123,,,SYSTEM,R15189814,TL1,,2037-06-01T00:00:00.000000,1,,SJ4462,0,N,0,0.0, ,0.0,0,Y,2022-05-24T00:00:00.000000,794420.0,0,,290255,0,,E,0,2022-05-23T00:00:00.000000,,CO,BRAN,0,0,N,0,N,MIGMLM,,,2037-06-01T00:00:00.000000,N, ,Y,DC250817,,,0,0,,0, ,1400000.0,0,ROOT,,0,0,0,,0,0,0,0.0,0,0,0,0,0,0,2024-08-07 06:53:30.701
0.0,63,1,RC891727,N,REALIGNMENT,2024-07-03T17:40:27,2020-08-02T12:46:49,0.01,NPR,SCGOD,C,,0.0,DC397698,,,FIVUSR,R00891649,OD,,2022-07-19T00:00:00.000000,1,,AS3589,0,N,0,2.0, ,0.0,0,Y,2020-08-02T00:00:00.000000,0.01,0,,,0,,M,0,2020-08-01T00:00:00.000000,,COSPO,BRAN,0,0,N,0,N,MIGMLM,,,2022-07-19T00:00:00.000000,N, ,N,DC397696,,,0,0,,0, ,0.0,0,ROOT,,0,0,0,,0,0,0,0.0,0,0,0,0,0,0,2024-08-07 06:53:30.701
700000.0,3,1,RC891727,N,ENHANCE,2024-07-03T17:40:29,2024-07-03T17:40:29,700000.0,NPR,Term loan-2-PLM01,C,,700000.0,DC803028,,,FIVUSR,R00891649,TL2,,2034-07-01T00:00:00.000000,1,,FIVUSR,0,N,0,0.0, ,0.0,0,Y,2024-07-03T00:00:00.000000,700000.0,0,,,0,,E,0,2024-07-02T00:00:00.000000,,MCC,BRAN,0,0,N,0,N,MIGMLM,,,2034-07-01T00:00:00.000000,N, ,Y,DC397696,,,0,0,,0, ,700000.0,0,ROOT,,0,0,0,,0,0,0,0.0,0,0,0,0,0,0,2024-08-07 06:53:30.701
2363066.87,35,1,RC891727,N,15 YEAR TERMINATED,2024-07-03T18:49:20,2022-05-25T12:31:46,2396000.0,NPR,NAETL,C,,2396000.0,DC626684,,,SYSTEM,R00891649,TL,,2037-06-01T00:00:00.000000,1,,HB6760,0,N,0,1.0, ,0.0,0,Y,2022-05-25T00:00:00.000000,2396000.0,0,,,0,,E,0,2022-05-24T00:00:00.000000,,MCC,BRAN,0,0,N,0,N,MIGMLM,,,2037-06-01T00:00:00.000000,N, ,Y,DC397696,,,0,0,,0, ,2500000.0,0,ROOT,,0,0,0,,0,0,0,0.0,0,0,0,0,0,0,2024-08-07 06:53:30.701
4279941.91,23,1,CC38861,N,Renewal with enhancement,2024-07-07T15:49:07,2022-12-07T11:29:58,4400000.0,NPR,TLEBL,C,,4400000.0,DC664880,,,SYSTEM,C00038863,TL,,2042-12-01T00:00:00.000000,1,,FIVUSR,0,N,0,0.0, ,0.0,0,Y,2022-12-04T00:00:00.000000,4400000.0,0,,,0,,E,0,2022-12-06T00:00:00.000000,,BM,BRAN,0,0,N,0,N,MIGMLM,,,2042-12-01T00:00:00.000000,N, ,Y,DC438522,,,0,0,,0, ,4400000.0,0,ROOT,,0,0,0,,0,0,0,0.0,0,0,0,0,0,0,2024-08-07 06:53:30.701
6603839.03,121,1, 66368828,N,15 YRS TERMINATING,2024-07-09T17:59:02,2015-06-26T13:00:22,10000000.0,NPR,HOLON,C,,10000000.0,DC75355,,,SYSTEM,66368828,HL,,2030-07-01T00:00:00.000000,1,,SD1030,0,N,0,0.0, ,0.0,0,Y,2015-06-26T00:00:00.000000,10000000.0,0,,,0,,E,0,2015-06-25T00:00:00.000000,,CMC,BRAN,0,0,N,0,N,MIGMLM,,,2030-07-01T00:00:00.000000,Y, ,Y,DC75357,,,0,0,,0, ,10000000.0,0,ROOT,,0,0,0,,0,0,0,0.0,0,0,0,0,0,0,2024-08-07 06:53:30.701
0.0,109,1,RC1007155,N,REALIGN WITH TL1,2024-07-09T20:17:23,2020-12-07T13:47:20,0.01,NPR,SCGOD,C,,0.0,DC451609,,,FIVUSR,R01007045,OD,,2022-12-04T00:00:00.000000,1,,SR2288,0,N,0,2.0, ,0.0,0,Y,2020-12-07T00:00:00.000000,0.01,0,,285116,0,,M,0,2020-12-06T00:00:00.000000,,,,0,0,N,0,N,MIGMLM,,,2022-12-04T00:00:00.000000,N, ,N,DC451606,,,0,0,,0, ,0.0,0,ROOT,,0,0,0,,0,0,0,0.0,0,0,0,0,0,0,2024-08-07 06:53:30.701
1600000.0,3,1,RC1007155,N,DISBURSEMENT,2024-07-09T20:17:24,2024-07-09T20:17:23,1600000.0,NPR,PLM01,C,,1600000.0,DC804931,,,FIVUSR,R01007045,TL2,,2039-07-01T00:00:00.000000,1,,FIVUSR,0,N,0,0.0, ,0.0,0,Y,2024-07-09T00:00:00.000000,1600000.0,0,,,0,,E,0,2024-07-08T00:00:00.000000,,MCC,BRAN,0,0,N,0,N,MIGMLM,,,2039-07-01T00:00:00.000000,N, ,Y,DC451606,,,0,0,,0, ,1600000.0,0,ROOT,,0,0,0,,0,0,0,0.0,0,0,0,0,0,0,2024-08-07 06:53:30.701
4893194.85,31,1,RC1007155,N,24YRS TERMI,2024-07-09T20:57:44,2022-05-08T15:46:22,4921000.0,NPR,NAETL,C,,4921000.0,DC616357,,,SYSTEM,R01007045,TL1,,2046-05-01T00:00:00.000000,1,,AD5364,0,N,0,1.0, ,0.0,0,Y,2022-05-08T00:00:00.000000,4921000.0,0,,285116,0,,E,0,2022-05-07T00:00:00.000000,,MCC,BRAN,0,0,N,0,N,MIGMLM,,,2046-05-01T00:00:00.000000,N, ,Y,DC451606,,,0,0,,0, ,5000000.0,0,ROOT,,0,0,0,,0,0,0,0.0,0,0,0,0,0,0,2024-08-07 06:53:30.701
4704469.48,42,1,RC1007155,N,20YEAR TEWRMINATING,2024-07-09T20:58:32,2020-12-07T13:48:04,4770000.0,NPR,SCGTL,C,,4770000.0,DC451611,,,SYSTEM,R01007045,TL,,2040-12-01T00:00:00.000000,1,,SR2288,0,N,0,1.0, ,0.0,0,Y,2020-12-07T00:00:00.000000,4770000.0,0,,,0,,E,0,2020-12-06T00:00:00.000000,,MCC,BRAN,0,0,N,0,N,MIGMLM,,,2040-12-01T00:00:00.000000,N, ,Y,DC451606,,,0,0,,0, ,5000000.0,0,ROOT,,0,0,0,,0,0,0,0.0,0,0,0,0,0,0,2024-08-07 06:53:30.701
1709628.49,50,1,RC1009835,N,15 YRS,2024-07-15T01:37:12,2020-12-23T15:37:05,1902000.0,NPR,SCGTL,C,,1902000.0,DC462235,,,SYSTEM,R01009724,TL,,2036-01-01T00:00:00.000000,1,,KM3569,0,N,0,0.0, ,0.0,0,Y,2020-12-23T00:00:00.000000,1902000.0,0,,,0,,E,0,2020-12-22T00:00:00.000000,,BM,BRAN,0,0,N,0,N,MIGMLM,,,2036-01-01T00:00:00.000000,N, ,Y,DC462232,,,0,0,,0, ,2000000.0,0,ROOT,,0,0,0,,0,0,0,0.0,0,0,0,0,0,0,2024-08-07 06:53:30.701
387444.47,65,1,RC1084483,N,5 YEARS TERMINATING,2024-07-16T03:56:52,2021-01-21T19:26:15,853000.0,NPR,PLEMI,C,,853000.0,DC477467,,,SYSTEM,R01084371,TL,,2026-02-01T00:00:00.000000,1,,NA2503,0,N,0,1.0, ,0.0,0,Y,2021-01-21T00:00:00.000000,853000.0,0,,,0,,E,0,2021-01-20T00:00:00.000000,,,,0,0,N,0,N,MIGMLM,,,2026-02-01T00:00:00.000000,N, ,Y,DC477463,,,0,0,,0, ,1000000.0,0,ROOT,,0,0,0,,0,0,0,0.0,0,0,0,0,0,0,2024-08-07 06:53:30.701
444044.06,14,1,RC1084483,N,RE-ALIGN,2024-07-16T03:56:52,2023-10-20T19:00:50,500000.0,NPR,PLEMI,C,,500000.0,DC745088,,,SYSTEM,R01084371,TL1,,2028-11-01T00:00:00.000000,1,,FIVUSR,0,N,0,0.0, ,0.0,0,Y,2023-10-20T00:00:00.000000,500000.0,0,,,0,,E,0,2023-10-19T00:00:00.000000,,MCC,BRAN,0,0,N,0,N,MIGMLM,,,2028-11-01T00:00:00.000000,N, ,Y,DC477463,,,0,0,,0, ,500000.0,0,ROOT,,0,0,0,,0,0,0,0.0,0,0,0,0,0,0,2024-08-07 06:53:30.701
3716679.83,30,1,RC134230,N,REALIGN OD INTO TL; 15 YRS TERMINATING,2024-07-16T04:19:05,2022-05-05T16:55:04,4000000.0,NPR,SCGTL,C,,4000000.0,DC614673,,,SYSTEM,R00134245,TL,,2037-05-01T00:00:00.000000,1,,KB1558,0,N,0,1.0, ,0.0,0,Y,2022-05-05T00:00:00.000000,4000000.0,0,,289450,0,,E,0,2022-05-04T00:00:00.000000,,BM,,0,0,N,0,N,MIGMLM,,,2037-05-01T00:00:00.000000,N, ,Y,DC493317,,,0,0,,0, ,4000000.0,0,ROOT,,0,0,0,,0,0,0,0.0,0,0,0,0,0,0,2024-08-07 06:53:30.701
229495.11,14,1,RC891727,N,TERMINATING,2024-07-16T05:24:05,2024-01-08T17:46:15,243000.0,NPR,Term loan-TLAHL,C,,243000.0,DC765292,,,SYSTEM,R00891649,TL1,,2029-01-01T00:00:00.000000,1,,FIVUSR,0,N,0,0.0, ,0.0,0,Y,2024-01-08T00:00:00.000000,243000.0,0,,,0,,E,0,2024-01-07T00:00:00.000000,,MCC,BRAN,0,0,N,0,N,MIGMLM,,,2029-01-01T00:00:00.000000,N, ,Y,DC397696,,,0,0,,0, ,250000.0,0,ROOT,,0,0,0,,0,0,0,0.0,0,0,0,0,0,0,2024-08-07 06:53:30.701
699500.87,84,1, 22133142,N,8 YRS TERMINATING,2024-07-17T14:35:46,2018-11-25T16:39:00.000000,1768000.0,NPR,ALPNW,C,,1768000.0,DC276385,,,SYSTEM,R22133142,AL,,2026-12-12T00:00:00.000000,1,,SK1789,0,N,0,1.0, ,0.0,0,Y,2018-11-25T00:00:00.000000,1768000.0,0,,,0,,E,0,2018-11-24T00:00:00.000000,,CMC,BRAN,0,0,N,0,N,MIGMLM,,,2026-12-12T00:00:00.000000,N, ,Y,DC49056,,,0,0,,0, ,1788000.0,0,ROOT,,0,0,0,,0,0,0,0.0,0,0,0,0,0,0,2024-08-07 06:53:30.701
3987947.4,47,1,RC1006482,N,,2024-07-21T21:32:53,2020-12-06T19:20:18,4500000.0,NPR,SCGTL,C,,4500000.0,DC451163,,,SYSTEM,R01006372,TL,,2035-12-01T00:00:00.000000,1,,PB4514,0,N,0,0.0, ,0.0,0,Y,2020-12-06T00:00:00.000000,4500000.0,0,,,0,,E,0,2020-12-05T00:00:00.000000,,BM,BRAN,0,0,N,0,N,MIGMLM,,,2035-12-01T00:00:00.000000,N, ,Y,DC451160,,,0,0,,0, ,4500000.0,0,ROOT,,0,0,0,,0,0,0,0.0,0,0,0,0,0,0,2024-08-07 06:53:30.701
201580.91,120,1, 47430440,N,7 YRS TERMINATING,2024-08-01T23:32:19,2016-07-05T10:18:06,1190000.0,NPR,ALNRS,C,,1190000.0,DC104446,,,SYSTEM,47430440,AL,,2023-07-01T00:00:00.000000,1,,MS0999,0,N,0,0.0, ,0.0,0,Y,2016-07-05T00:00:00.000000,1190000.0,0,,,0,,E,0,2016-07-04T00:00:00.000000,,CMC,BRAN,0,0,N,0,N,MIGMLM,,,2023-07-01T00:00:00.000000,Y, ,Y,DC104447,,,0,0,,0, ,1190000.0,0,ROOT,,0,0,0,,0,0,0,0.0,0,0,0,0,0,0,2024-08-29 05:00:32.236
1848582.19,52,1,RC1166941,N,8 YRS TERMINATING,2024-08-02T22:13:30,2021-04-28T16:02:59,2700000.0,NPR,SCGTL,C,,2700000.0,DC538603,,,SYSTEM,R01166828,TL,,2029-05-01T00:00:00.000000,1,,SK4627,0,N,0,0.0, ,0.0,0,Y,2021-04-28T00:00:00.000000,2700000.0,0,,,0,,E,0,2021-04-27T00:00:00.000000,,,,0,0,N,0,N,MIGMLM,,,2029-05-01T00:00:00.000000,N, ,Y,DC538601,,,0,0,,0, ,2700000.0,0,ROOT,,0,0,0,,0,0,0,0.0,0,0,0,0,0,0,2024-08-29 05:00:32.236
2355028.81,36,1,RC891727,N,15 YEAR TERMINATED,2024-08-05T17:05:44,2022-05-25T12:31:46,2396000.0,NPR,NAETL,C,,2396000.0,DC626684,,,SYSTEM,R00891649,TL,,2037-06-01T00:00:00.000000,1,,HB6760,0,N,0,1.0, ,0.0,0,Y,2022-05-25T00:00:00.000000,2396000.0,0,,,0,,E,0,2022-05-24T00:00:00.000000,,MCC,BRAN,0,0,N,0,N,MIGMLM,,,2037-06-01T00:00:00.000000,N, ,Y,DC397696,,,0,0,,0, ,2500000.0,0,ROOT,,0,0,0,,0,0,0,0.0,0,0,0,0,0,0,2024-08-29 05:00:32.236
226046.17,15,1,RC891727,N,TERMINATING,2024-08-05T17:05:51,2024-01-08T17:46:15,243000.0,NPR,Term loan-TLAHL,C,,243000.0,DC765292,,,SYSTEM,R00891649,TL1,,2029-01-01T00:00:00.000000,1,,FIVUSR,0,N,0,0.0, ,0.0,0,Y,2024-01-08T00:00:00.000000,243000.0,0,,,0,,E,0,2024-01-07T00:00:00.000000,,MCC,BRAN,0,0,N,0,N,MIGMLM,,,2029-01-01T00:00:00.000000,N, ,Y,DC397696,,,0,0,,0, ,250000.0,0,ROOT,,0,0,0,,0,0,0,0.0,0,0,0,0,0,0,2024-08-29 05:00:32.236
696529.78,4,1,RC891727,N,ENHANCE,2024-08-05T17:06:07,2024-07-03T17:40:29,700000.0,NPR,Term loan-2-PLM01,C,,700000.0,DC803028,,,SYSTEM,R00891649,TL2,,2034-07-01T00:00:00.000000,1,,FIVUSR,0,N,0,0.0, ,0.0,0,Y,2024-07-03T00:00:00.000000,700000.0,0,,,0,,E,0,2024-07-02T00:00:00.000000,,MCC,BRAN,0,0,N,0,N,MIGMLM,,,2034-07-01T00:00:00.000000,N, ,Y,DC397696,,,0,0,,0, ,700000.0,0,ROOT,,0,0,0,,0,0,0,0.0,0,0,0,0,0,0,2024-08-29 05:00:32.236
3964772.87,48,1,RC1006482,N,,2024-08-06T20:13:23,2020-12-06T19:20:18,4500000.0,NPR,SCGTL,C,,4500000.0,DC451163,,,SYSTEM,R01006372,TL,,2035-12-01T00:00:00.000000,1,,PB4514,0,N,0,0.0, ,0.0,0,Y,2020-12-06T00:00:00.000000,4500000.0,0,,,0,,E,0,2020-12-05T00:00:00.000000,,BM,BRAN,0,0,N,0,N,MIGMLM,,,2035-12-01T00:00:00.000000,N, ,Y,DC451160,,,0,0,,0, ,4500000.0,0,ROOT,,0,0,0,,0,0,0,0.0,0,0,0,0,0,0,2024-08-29 05:00:32.236
1842221.63,53,1, 15189814,N,TERMINATION ON 25 YRS/RED BY 513K,2024-08-12T16:14:05,2020-08-16T12:09:21,1941500.0,NPR,NAETL,C,,1941500.0,DC404526,,,SYSTEM,15189814,TL,,2045-09-01T00:00:00.000000,1,,AS3589,0,N,0,1.0, ,0.0,0,Y,2020-08-16T00:00:00.000000,1941500.0,0,,,0,,E,0,2020-08-15T00:00:00.000000,,BM,BRAN,0,0,N,0,N,MIGMLM,,,2045-09-01T00:00:00.000000,N, ,Y,DC250817,,,0,0,,0, ,2500000.0,0,ROOT,,0,0,0,,0,0,0,0.0,0,0,0,0,0,0,2024-08-29 05:00:32.236
3695072.85,31,1,RC134230,N,REALIGN OD INTO TL; 15 YRS TERMINATING,2024-08-15T21:35:34,2022-05-05T16:55:04,4000000.0,NPR,SCGTL,C,,4000000.0,DC614673,,,SYSTEM,R00134245,TL,,2037-05-01T00:00:00.000000,1,,KB1558,0,N,0,1.0, ,0.0,0,Y,2022-05-05T00:00:00.000000,4000000.0,0,,289450,0,,E,0,2022-05-04T00:00:00.000000,,BM,,0,0,N,0,N,MIGMLM,,,2037-05-01T00:00:00.000000,N, ,Y,DC493317,,,0,0,,0, ,4000000.0,0,ROOT,,0,0,0,,0,0,0,0.0,0,0,0,0,0,0,2024-08-29 05:00:32.236
731008.05,39,1, 15189814,N,15 YRS/RED BY 557K,2024-08-20T17:55:28,2022-05-24T18:42:01,794420.0,NPR,NAETL,C,,794420.0,DC626123,,,SYSTEM,R15189814,TL1,,2037-06-01T00:00:00.000000,1,,SJ4462,0,N,0,0.0, ,0.0,0,Y,2022-05-24T00:00:00.000000,794420.0,0,,290255,0,,E,0,2022-05-23T00:00:00.000000,,CO,BRAN,0,0,N,0,N,MIGMLM,,,2037-06-01T00:00:00.000000,N, ,Y,DC250817,,,0,0,,0, ,1400000.0,0,ROOT,,0,0,0,,0,0,0,0.0,0,0,0,0,0,0,2024-08-29 05:00:32.236
965016.87,25,1,RC1009835,N,HOME LOAN,2024-08-20T20:47:17,2022-12-26T16:52:03,1000000.0,NPR,NARHL,C,,1000000.0,DC669651,,,SYSTEM,R01009724,HL,,2048-01-01T00:00:00.000000,1,,FIVUSR,0,N,0,0.0, ,0.0,0,Y,2022-12-26T00:00:00.000000,1000000.0,0,,,0,,E,0,2022-12-25T00:00:00.000000,,BM,BRAN,0,0,N,0,N,MIGMLM,,,2048-01-01T00:00:00.000000,N, ,Y,DC462232,,,0,0,,0, ,1000000.0,0,ROOT,,0,0,0,,0,0,0,0.0,0,0,0,0,0,0,2024-08-29 05:00:32.236
1688939.9,52,1,RC1009835,N,15 YRS,2024-08-20T20:47:17,2020-12-23T15:37:05,1902000.0,NPR,SCGTL,C,,1902000.0,DC462235,,,SYSTEM,R01009724,TL,,2036-01-01T00:00:00.000000,1,,KM3569,0,N,0,0.0, ,0.0,0,Y,2020-12-23T00:00:00.000000,1902000.0,0,,,0,,E,0,2020-12-22T00:00:00.000000,,BM,BRAN,0,0,N,0,N,MIGMLM,,,2036-01-01T00:00:00.000000,N, ,Y,DC462232,,,0,0,,0, ,2000000.0,0,ROOT,,0,0,0,,0,0,0,0.0,0,0,0,0,0,0,2024-08-29 05:00:32.236
4894352.1,33,1,RC1116517,N,25 YRS TERMINATING,2024-08-21T12:55:59,2022-05-10T15:48:34,4995000.0,NPR,NAETL,C,,4995000.0,DC618476,,,SYSTEM,R01116404,TL,,2047-05-01T00:00:00.000000,1,,SM5493,0,N,0,1.0, ,0.0,0,Y,2022-05-10T00:00:00.000000,4995000.0,0,,OCAS-291917,0,,E,0,2022-05-09T00:00:00.000000,,BM,BRAN,0,0,N,0,N,MIGMLM,,,2047-05-01T00:00:00.000000,N, ,Y,DC495602,,,0,0,,0, ,4995000.0,0,ROOT,,0,0,0,,0,0,0,0.0,0,0,0,0,0,0,2024-08-29 05:00:32.236
